x,y
0.0,250
1.0324129651860745,250.0
2.064825930372149,250.0
3.0972388955582235,250.0
4.129651860744298,250.0
5.162064825930372,250.0
6.194477791116446,250.0
7.22689075630252,250.0
8.259303721488594,250.0
9.291716686674668,250.0
10.324129651860742,250.0
11.356542617046816,250.0
12.38895558223289,250.0
13.421368547418965,250.0
14.453781512605039,250.0
15.486194477791113,250.0
16.51860744297719,250.0
17.551020408163264,250.0
18.58343337334934,250.0
19.615846338535416,250.0
20.648259303721492,250.0
21.680672268907568,250.0
22.713085234093644,250.0
23.74549819927972,250.0
24.777911164465795,250.0
25.81032412965187,250.0
26.842737094837947,250.0
27.875150060024023,250.0
28.9075630252101,250.0
29.939975990396174,250.0
30.97238895558225,250.0
32.00480192076832,250.0
33.0372148859544,250.0
34.069627851140474,250.0
35.10204081632655,250.0
36.134453781512626,250.0
37.1668667466987,250.0
38.19927971188478,250.0
39.23169267707085,250.0
40.26410564225693,250.0
41.296518607443005,250.0
42.32893157262908,250.0
43.36134453781516,250.0
44.39375750300123,250.0
45.42617046818731,250.0
46.458583433373384,250.0
47.49099639855946,250.0
48.523409363745536,250.0
49.55582232893161,250.0
50.58823529411769,250.0
51.62064825930376,250.0
52.65306122448984,250.0
53.685474189675915,250.0
54.71788715486199,250.0
55.75030012004807,250.0
56.78271308523414,250.0
57.81512605042022,250.0
58.847539015606294,250.0
59.87995198079237,250.0
60.912364945978446,250.0
61.94477791116452,250.0
62.9771908763506,250.0
64.00960384153667,250.0
65.04201680672274,250.0
66.07442977190881,250.0
67.10684273709488,250.0
68.13925570228095,250.0
69.17166866746702,250.0
70.20408163265309,250.0
71.23649459783915,250.0
72.26890756302522,250.0
73.30132052821129,250.0
74.33373349339736,250.0
75.36614645858343,250.0
76.3985594237695,250.0
77.43097238895557,250.0
78.46338535414164,250.0
79.4957983193277,250.0
80.52821128451377,250.0
81.56062424969984,250.0
82.59303721488591,250.0
83.62545018007198,250.0
84.65786314525805,250.0
85.69027611044412,250.0
86.72268907563019,250.0
87.75510204081625,250.0
88.78751500600232,250.0
89.81992797118839,250.0
90.85234093637446,250.0
91.88475390156053,250.0
92.9171668667466,250.0
93.94957983193267,250.0
94.98199279711874,250.0
96.0144057623048,250.0
97.04681872749087,250.0
98.07923169267694,250.0
99.11164465786301,250.0
100.14405762304908,250.0
101.17647058823515,250.0
102.20888355342122,250.0
103.24129651860729,250.0
104.27370948379335,250.0
105.30612244897942,250.0
106.33853541416549,250.0
107.37094837935156,250.0
108.40336134453763,250.0
109.4357743097237,250.0
110.46818727490977,250.0
111.50060024009584,250.0
112.5330132052819,250.0
113.56542617046797,250.0
114.59783913565404,250.0
115.63025210084011,250.0
116.66266506602618,250.0
117.69507803121225,250.0
118.72749099639832,250.0
119.75990396158439,250.0
120.79231692677045,250.0
121.82472989195652,250.0
122.85714285714259,250.0
123.88955582232866,250.0
124.92196878751473,250.0
125.9543817527008,250.0
126.98679471788687,250.0
128.01920768307295,250.0
129.05162064825902,250.0
130.0840336134451,250.0
131.11644657863116,250.0
132.14885954381722,250.0
133.1812725090033,250.0
134.21368547418936,250.0
135.24609843937543,250.0
136.2785114045615,250.0
137.31092436974757,250.0
138.34333733493364,250.0
139.3757503001197,250.0
140.40816326530577,250.0
141.44057623049184,250.0
142.4729891956779,250.0
143.50540216086398,250.0
144.53781512605005,250.0
145.57022809123612,250.0
146.6026410564222,250.0
147.63505402160825,250.0
148.66746698679432,250.0
149.6998799519804,250.0
150.73229291716646,250.0
151.76470588235253,250.0
152.7971188475386,250.0
153.82953181272467,250.0
154.86194477791074,250.0
155.8943577430968,250.0
156.92677070828287,250.0
157.95918367346894,250.0
158.991596638655,250.0
160.02400960384108,250.0
161.05642256902715,250.0
162.08883553421322,250.0
163.1212484993993,250.0
164.15366146458535,250.0
165.18607442977142,250.0
166.2184873949575,250.0
167.25090036014356,250.0
168.28331332532963,250.0
169.3157262905157,250.0
170.34813925570177,250.0
171.38055222088784,250.0
172.4129651860739,250.0
173.44537815125997,250.0
174.47779111644604,250.0
175.5102040816321,250.0
176.54261704681818,250.0
177.57503001200425,250.0
178.60744297719032,250.0
179.63985594237639,250.0
180.67226890756245,250.0
181.70468187274852,250.0
182.7370948379346,250.0
183.76950780312066,250.0
184.80192076830673,250.0
185.8343337334928,250.0
186.86674669867887,250.0
187.89915966386494,250.0
188.931572629051,250.0
189.96398559423707,250.0
190.99639855942314,250.0
192.0288115246092,250.0
193.06122448979528,250.0
194.09363745498135,250.0
195.12605042016742,250.0
196.15846338535349,250.0
197.19087635053955,250.0
198.22328931572562,250.0
199.2557022809117,250.0
200.28811524609776,250.0
201.32052821128383,250.0
202.3529411764699,250.0
203.38535414165597,250.0
204.41776710684204,250.0
205.4501800720281,250.0
206.48259303721417,250.0
207.51500600240024,250.0
208.5474189675863,250.0
209.57983193277238,250.0
210.61224489795845,250.0
211.64465786314452,250.0
212.67707082833059,250.0
213.70948379351665,250.0
214.74189675870272,250.0
215.7743097238888,250.0
216.80672268907486,250.0
217.83913565426093,250.0
218.871548619447,250.0
219.90396158463307,250.0
220.93637454981913,250.0
221.9687875150052,250.0
223.00120048019127,250.0
224.03361344537734,250.0
225.0660264105634,250.0
226.09843937574948,250.0
227.13085234093555,250.0
228.16326530612162,250.0
229.19567827130768,250.0
230.22809123649375,250.0
231.26050420167982,250.0
232.2929171668659,250.0
233.32533013205196,250.0
234.35774309723803,250.0
235.3901560624241,250.0
236.42256902761017,250.0
237.45498199279623,250.0
238.4873949579823,250.0
239.51980792316837,250.0
240.55222088835444,250.0
241.5846338535405,250.0
242.61704681872658,250.0
243.64945978391265,250.0
244.68187274909872,250.0
245.71428571428478,250.0
246.74669867947085,250.0
247.77911164465692,250.0
248.811524609843,250.0
249.84393757502906,250.0
250.87635054021513,250.0
251.9087635054012,250.0
252.94117647058727,250.0
253.97358943577333,250.0
255.0060024009594,250.0
256.0384153661455,250.0
257.0708283313316,250.0
258.1032412965177,250.0
259.1356542617038,250.0
260.1680672268899,250.0
261.200480192076,250.0
262.2328931572621,250.0
263.2653061224482,250.0
264.2977190876343,250.0
265.3301320528204,250.0
266.3625450180065,250.0
267.39495798319257,250.0
268.42737094837867,250.0
269.45978391356476,250.0
270.49219687875086,250.0
271.52460984393696,250.0
272.55702280912305,250.0
273.58943577430915,250.0
274.62184873949525,250.0
275.65426170468135,250.0
276.68667466986744,250.0
277.71908763505354,250.0
278.75150060023964,250.0
279.78391356542573,250.0
280.81632653061183,250.0
281.84873949579793,250.0
282.881152460984,250.0
283.9135654261701,250.0
284.9459783913562,250.0
285.9783913565423,250.0
287.0108043217284,250.0
288.0432172869145,250.0
289.0756302521006,250.0
290.1080432172867,250.0
291.1404561824728,250.0
292.1728691476589,250.0
293.205282112845,250.0
294.2376950780311,250.0
295.2701080432172,250.0
296.3025210084033,250.0
297.3349339735894,250.0
298.3673469387755,250.0
299.3997599039616,250.0
300.4321728691477,250.0
301.4645858343338,250.0
302.4969987995199,250.0
303.52941176470597,250.0
304.56182472989207,250.0
305.59423769507816,250.0
306.62665066026426,250.0
307.65906362545036,250.0
308.69147659063646,250.0
309.72388955582255,250.0
310.75630252100865,250.0
311.78871548619475,250.0
312.82112845138084,250.0
313.85354141656694,250.0
314.88595438175304,250.0
315.91836734693914,250.0
316.95078031212523,250.0
317.98319327731133,250.0
319.0156062424974,250.0
320.0480192076835,250.0
321.0804321728696,250.0
322.1128451380557,250.0
323.1452581032418,250.0
324.1776710684279,250.0
325.210084033614,250.0
326.2424969988001,250.0
327.2749099639862,250.0
328.3073229291723,250.0
329.3397358943584,250.0
330.3721488595445,250.0
331.4045618247306,250.0
332.4369747899167,250.0
333.4693877551028,250.0
334.5018007202889,250.0
335.534213685475,250.0
336.5666266506611,250.0
337.5990396158472,250.0
338.6314525810333,250.0
339.66386554621937,250.0
340.69627851140547,250.0
341.72869147659156,250.0
342.76110444177766,250.0
343.79351740696376,250.0
344.82593037214986,250.0
345.85834333733595,250.0
346.89075630252205,250.0
347.92316926770815,250.0
348.95558223289424,250.0
349.98799519808034,250.0
351.02040816326644,250.0
352.05282112845254,250.0
353.08523409363863,250.0
354.11764705882473,250.0
355.1500600240108,250.0
356.1824729891969,250.0
357.214885954383,250.0
358.2472989195691,250.0
359.2797118847552,250.0
360.3121248499413,250.0
361.3445378151274,250.0
362.3769507803135,250.0
363.4093637454996,250.0
364.4417767106857,250.0
365.4741896758718,250.0
366.5066026410579,250.0
367.539015606244,250.0
368.5714285714301,250.0
369.6038415366162,250.0
370.6362545018023,250.0
371.6686674669884,250.0
372.7010804321745,250.0
373.7334933973606,250.0
374.7659063625467,250.0
375.79831932773277,250.0
376.83073229291887,250.0
377.86314525810496,250.0
378.89555822329106,250.0
379.92797118847716,250.0
380.96038415366326,250.0
381.99279711884935,250.0
383.02521008403545,250.0
384.05762304922155,250.0
385.09003601440764,250.0
386.12244897959374,250.0
387.15486194477984,250.0
388.18727490996594,250.0
389.21968787515203,250.0
390.25210084033813,250.0
391.2845138055242,250.0
392.3169267707103,250.0
393.3493397358964,250.0
394.3817527010825,250.0
395.4141656662686,250.0
396.4465786314547,250.0
397.4789915966408,250.0
398.5114045618269,250.0
399.543817527013,250.0
400.0,249.42376950780096
400.0,248.3913565426149
400.0,247.35894357742882
400.0,246.32653061224275
400.0,245.29411764705668
400.0,244.2617046818706
400.0,243.22929171668454
400.0,242.19687875149847
400.0,241.1644657863124
400.0,240.13205282112634
400.0,239.09963985594027
400.0,238.0672268907542
400.0,237.03481392556813
400.0,236.00240096038206
400.0,234.969987995196
400.0,233.93757503000992
400.0,232.90516206482386
400.0,231.8727490996378
400.0,230.84033613445172
400.0,229.80792316926565
400.0,228.77551020407958
400.0,227.7430972388935
400.0,226.71068427370744
400.0,225.67827130852137
400.0,224.6458583433353
400.0,223.61344537814924
400.0,222.58103241296317
400.0,221.5486194477771
400.0,220.51620648259103
400.0,219.48379351740496
400.0,218.4513805522189
400.0,217.41896758703282
400.0,216.38655462184676
400.0,215.3541416566607
400.0,214.32172869147462
400.0,213.28931572628855
400.0,212.25690276110248
400.0,211.2244897959164
400.0,210.19207683073034
400.0,209.15966386554427
400.0,208.1272509003582
400.0,207.09483793517214
400.0,206.06242496998607
400.0,205.0300120048
400.0,203.99759903961393
400.0,202.96518607442786
400.0,201.9327731092418
400.0,200.90036014405572
400.0,199.86794717886966
400.0,198.8355342136836
400.0,197.80312124849752
400.0,196.77070828331145
400.0,195.73829531812538
400.0,194.7058823529393
400.0,193.67346938775324
400.0,192.64105642256717
400.0,191.6086434573811
400.0,190.57623049219504
400.0,189.54381752700897
400.0,188.5114045618229
400.0,187.47899159663683
400.0,186.44657863145076
400.0,185.4141656662647
400.0,184.38175270107863
400.0,183.34933973589256
400.0,182.3169267707065
400.0,181.28451380552042
400.0,180.25210084033435
400.0,179.21968787514828
400.0,178.1872749099622
400.0,177.15486194477614
400.0,176.12244897959008
400.0,175.090036014404
400.0,174.05762304921794
400.0,173.02521008403187
400.0,171.9927971188458
400.0,170.96038415365973
400.0,169.92797118847366
400.0,168.8955582232876
400.0,167.86314525810153
400.0,166.83073229291546
400.0,165.7983193277294
400.0,164.76590636254332
400.0,163.73349339735725
400.0,162.70108043217118
400.0,161.6686674669851
400.0,160.63625450179904
400.0,159.60384153661298
400.0,158.5714285714269
400.0,157.53901560624084
400.0,156.50660264105477
400.0,155.4741896758687
400.0,154.44177671068263
400.0,153.40936374549656
400.0,152.3769507803105
400.0,151.34453781512443
400.0,150.31212484993836
400.0,149.2797118847523
400.0,148.24729891956622
400.0,147.21488595438015
400.0,146.18247298919408
400.0,145.150060024008
400.0,144.11764705882194
400.0,143.08523409363588
400.0,142.0528211284498
400.0,141.02040816326374
400.0,139.98799519807767
400.0,138.9555822328916
400.0,137.92316926770553
400.0,136.89075630251946
400.0,135.8583433373334
400.0,134.82593037214733
400.0,133.79351740696126
400.0,132.7611044417752
400.0,131.72869147658912
400.0,130.69627851140305
400.0,129.66386554621698
400.0,128.6314525810309
400.0,127.59903961584484
400.0,126.56662665065878
400.0,125.53421368547271
400.0,124.50180072028664
400.0,123.46938775510057
400.0,122.4369747899145
400.0,121.40456182472843
400.0,120.37214885954236
400.0,119.3397358943563
400.0,118.30732292917023
400.0,117.27490996398416
400.0,116.24249699879809
400.0,115.21008403361202
400.0,114.17767106842595
400.0,113.14525810323988
400.0,112.11284513805381
400.0,111.08043217286775
400.0,110.04801920768168
399.0156062424952,110.0
397.9831932773091,110.0
396.950780312123,110.0
395.9183673469369,110.0
394.8859543817508,110.0
393.8535414165647,110.0
392.8211284513786,110.0
391.78871548619253,110.0
390.75630252100643,110.0
389.72388955582034,110.0
388.69147659063424,110.0
387.65906362544814,110.0
386.62665066026204,110.0
385.59423769507595,110.0
384.56182472988985,110.0
383.52941176470375,110.0
382.49699879951766,110.0
381.46458583433156,110.0
380.43217286914546,110.0
379.39975990395936,110.0
378.36734693877327,110.0
377.33493397358717,110.0
376.3025210084011,110.0
375.270108043215,110.0
374.2376950780289,110.0
373.2052821128428,110.0
372.1728691476567,110.0
371.1404561824706,110.0
370.1080432172845,110.0
369.0756302520984,110.0
368.0432172869123,110.0
367.0108043217262,110.0
365.9783913565401,110.0
364.945978391354,110.0
363.9135654261679,110.0
362.8811524609818,110.0
361.8487394957957,110.0
360.8163265306096,110.0
359.7839135654235,110.0
358.7515006002374,110.0
357.7190876350513,110.0
356.6866746698652,110.0
355.65426170467913,110.0
354.62184873949303,110.0
353.58943577430693,110.0
352.55702280912084,110.0
351.52460984393474,110.0
350.49219687874864,110.0
349.45978391356255,110.0
348.42737094837645,110.0
347.39495798319035,110.0
346.36254501800425,110.0
345.33013205281816,110.0
344.29771908763206,110.0
343.26530612244596,110.0
342.23289315725987,110.0
341.20048019207377,110.0
340.1680672268877,110.0
339.1356542617016,110.0
338.1032412965155,110.0
337.0708283313294,110.0
336.0384153661433,110.0
335.0060024009572,110.0
333.9735894357711,110.0
332.941176470585,110.0
331.9087635053989,110.0
330.8763505402128,110.0
329.8439375750267,110.0
328.8115246098406,110.0
327.7791116446545,110.0
326.7466986794684,110.0
325.7142857142823,110.0
324.6818727490962,110.0
323.6494597839101,110.0
322.617046818724,110.0
321.5846338535379,110.0
320.5522208883518,110.0
319.51980792316573,110.0
318.48739495797963,110.0
317.45498199279353,110.0
316.42256902760744,110.0
315.39015606242134,110.0
314.35774309723524,110.0
313.32533013204915,110.0
312.29291716686305,110.0
311.26050420167695,110.0
310.22809123649085,110.0
309.19567827130476,110.0
308.16326530611866,110.0
307.13085234093256,110.0
306.09843937574647,110.0
305.06602641056037,110.0
304.03361344537427,110.0
303.0012004801882,110.0
301.9687875150021,110.0
300.936374549816,110.0
299.9039615846299,110.0
298.8715486194438,110.0
297.8391356542577,110.0
296.8067226890716,110.0
295.7743097238855,110.0
294.7418967586994,110.0
293.7094837935133,110.0
292.6770708283272,110.0
291.6446578631411,110.0
290.612244897955,110.0
289.5798319327689,110.0
288.5474189675828,110.0
287.5150060023967,110.0
286.4825930372106,110.0
285.4501800720245,110.0
284.4177671068384,110.0
283.38535414165233,110.0
282.35294117646623,110.0
281.32052821128013,110.0
280.28811524609404,110.0
279.25570228090794,110.0
278.22328931572184,110.0
277.19087635053575,110.0
276.15846338534965,110.0
275.12605042016355,110.0
274.09363745497745,110.0
273.06122448979136,110.0
272.02881152460526,110.0
270.99639855941916,110.0
269.96398559423307,110.0
268.93157262904697,110.0
267.89915966386087,110.0
266.8667466986748,110.0
265.8343337334887,110.0
265.0,110.19807923169418
265.0,111.23049219688025
265.0,112.26290516206632
265.0,113.29531812725239
265.0,114.32773109243846
265.0,115.36014405762452
265.0,116.39255702281059
265.0,117.42496998799666
265.0,118.45738295318273
265.0,119.4897959183688
265.0,120.52220888355487
265.0,121.55462184874094
265.0,122.587034813927
265.0,123.61944777911307
265.0,124.65186074429914
265.0,125.68427370948521
265.0,126.71668667467128
265.0,127.74909963985735
265.0,128.78151260504342
265.0,129.8139255702295
265.0,130.84633853541555
265.0,131.87875150060162
265.0,132.9111644657877
265.0,133.94357743097376
265.0,134.97599039615983
265.0,136.0084033613459
265.0,137.04081632653197
265.0,138.07322929171804
265.0,139.1056422569041
265.0,140.13805522209017
265.0,141.17046818727624
265.0,142.2028811524623
265.0,143.23529411764838
265.0,144.26770708283445
265.0,145.30012004802052
265.0,146.3325330132066
265.0,147.36494597839265
265.0,148.39735894357872
265.0,149.4297719087648
265.0,150.46218487395086
265.0,151.49459783913693
265.0,152.527010804323
265.0,153.55942376950907
265.0,154.59183673469514
265.0,155.6242496998812
265.0,156.65666266506727
265.0,157.68907563025334
265.0,158.7214885954394
265.0,159.75390156062548
265.0,160.78631452581155
265.0,161.81872749099762
265.0,162.85114045618369
265.0,163.88355342136975
265.0,164.91596638655582
265.0,165.9483793517419
265.0,166.98079231692796
265.0,168.01320528211403
265.0,169.0456182473001
265.0,170.07803121248617
265.0,171.11044417767224
265.0,172.1428571428583
265.0,173.17527010804437
265.0,174.20768307323044
265.0,175.2400960384165
265.0,176.27250900360258
265.0,177.30492196878865
265.0,178.33733493397472
265.0,179.36974789916079
265.0,180.40216086434685
265.0,181.43457382953292
265.0,182.466986794719
265.0,183.49939975990506
265.0,184.53181272509113
265.0,185.5642256902772
265.0,186.59663865546327
265.0,187.62905162064934
265.0,188.6614645858354
265.0,189.69387755102147
265.0,190.72629051620754
265.0,191.7587034813936
265.0,192.79111644657968
265.0,193.82352941176575
265.0,194.85594237695182
265.0,195.88835534213788
265.0,196.92076830732395
265.0,197.95318127251002
265.0,198.9855942376961
265.0,200.01800720288216
265.0,201.05042016806823
265.0,202.0828331332543
265.0,203.11524609844037
265.0,204.14765906362643
265.0,205.1800720288125
265.0,206.21248499399857
265.0,207.24489795918464
265.0,208.2773109243707
265.0,209.30972388955678
265.0,210.34213685474285
265.0,211.37454981992892
265.0,212.40696278511498
265.0,213.43937575030105
265.0,214.47178871548712
265.0,215.5042016806732
265.0,216.53661464585926
265.0,217.56902761104533
265.0,218.6014405762314
265.0,219.63385354141747
265.0,220.66626650660353
265.0,221.6986794717896
265.0,222.73109243697567
265.0,223.76350540216174
265.0,224.7959183673478
265.0,225.82833133253388
265.0,226.86074429771995
265.0,227.89315726290602
265.0,228.92557022809208
265.0,229.95798319327815
265.0,230.99039615846422
265.0,232.0228091236503
265.0,233.05522208883636
265.0,234.08763505402243
265.0,235.1200480192085
265.0,236.15246098439457
265.0,237.18487394958063
265.0,238.2172869147667
265.0,239.24969987995277
265.0,240.28211284513884
265.0,241.3145258103249
265.0,242.34693877551098
265.0,243.37935174069705
265.0,244.41176470588312
265.0,245.44417767106918
265.0,246.47659063625525
265.0,247.50900360144132
265.0,248.5414165666274
265.0,249.57382953181346
265.0,250.60624249699953
265.0,251.6386554621856
265.0,252.67106842737167
265.0,253.70348139255773
265.0,254.7358943577438
265.0,255.76830732292987
265.0,256.80072028811594
265.0,257.83313325330204
265.0,258.86554621848813
265.0,259.89795918367423
265.0,260.93037214886033
265.0,261.9627851140464
265.0,262.9951980792325
265.0,264.0276110444186
265.0,265.0600240096047
265.0,266.0924369747908
265.0,267.1248499399769
265.0,268.157262905163
265.0,269.1896758703491
265.0,270.2220888355352
265.0,271.2545018007213
265.0,272.2869147659074
265.0,273.3193277310935
265.0,274.3517406962796
265.0,275.3841536614657
265.0,276.4165666266518
265.0,277.4489795918379
265.0,278.481392557024
265.0,279.5138055222101
265.0,280.5462184873962
265.0,281.5786314525823
265.0,282.61104441776837
265.0,283.64345738295447
265.0,284.67587034814056
265.0,285.70828331332666
265.0,286.74069627851276
265.0,287.77310924369885
265.0,288.80552220888495
265.0,289.83793517407105
265.0,290.87034813925715
265.0,291.90276110444324
265.0,292.93517406962934
265.0,293.96758703481544
265.0,295.00000000000153
265.0,296.03241296518763
265.0,297.06482593037373
265.0,298.0972388955598
265.0,299.1296518607459
265.0,300.162064825932
265.0,301.1944777911181
265.0,302.2268907563042
265.0,303.2593037214903
265.0,304.2917166866764
265.0,305.3241296518625
265.0,306.3565426170486
265.0,307.3889555822347
265.0,308.4213685474208
265.0,309.4537815126069
265.0,310.486194477793
265.0,311.5186074429791
265.0,312.5510204081652
265.0,313.5834333733513
265.0,314.6158463385374
265.0,315.6482593037235
265.0,316.6806722689096
265.0,317.7130852340957
265.0,318.74549819928177
265.0,319.77791116446787
265.0,320.81032412965396
265.0,321.84273709484006
265.0,322.87515006002616
265.0,323.90756302521226
265.0,324.93997599039835
265.0,325.97238895558445
265.0,327.00480192077055
265.0,328.03721488595664
265.0,329.06962785114274
265.0,330.10204081632884
265.0,331.13445378151494
265.0,332.16686674670103
265.0,333.19927971188713
265.0,334.2316926770732
265.0,335.2641056422593
265.0,336.2965186074454
265.0,337.3289315726315
265.0,338.3613445378176
265.0,339.3937575030037
265.0,340.4261704681898
265.0,341.4585834333759
265.0,342.490996398562
265.0,343.5234093637481
265.0,344.5558223289342
265.0,345.5882352941203
265.0,346.6206482593064
265.0,347.6530612244925
265.0,348.6854741896786
265.0,349.7178871548647
265.0,350.7503001200508
265.0,351.7827130852369
265.0,352.815126050423
265.0,353.8475390156091
265.0,354.87995198079517
265.0,355.91236494598127
265.0,356.94477791116736
265.0,357.97719087635346
265.0,359.00960384153956
265.0,360.04201680672566
265.0,361.07442977191175
265.0,362.10684273709785
265.0,363.13925570228395
265.0,364.17166866747004
265.0,365.20408163265614
265.0,366.23649459784224
265.0,367.26890756302834
265.0,368.30132052821443
265.0,369.33373349340053
265.0,370.3661464585866
265.0,371.3985594237727
265.0,372.4309723889588
265.0,373.4633853541449
265.0,374.495798319331
265.0,375.5282112845171
265.0,376.5606242497032
265.0,377.5930372148893
265.0,378.6254501800754
265.0,379.6578631452615
265.0,380.6902761104476
265.0,381.7226890756337
265.0,382.7551020408198
265.0,383.7875150060059
265.0,384.819927971192
265.0,385.8523409363781
265.0,386.8847539015642
265.0,387.9171668667503
265.0,388.9495798319364
265.0,389.9819927971225
265.0,391.01440576230857
265.0,392.04681872749467
265.0,393.07923169268076
265.0,394.11164465786686
265.0,395.14405762305296
265.0,396.17647058823906
265.0,397.20888355342515
265.0,398.24129651861125
265.0,399.27370948379735
265.0,400.30612244898344
265.0,401.33853541416954
265.0,402.37094837935564
265.0,403.40336134454174
265.0,404.43577430972783
265.0,405.46818727491393
265.0,406.5006002401
265.0,407.5330132052861
265.0,408.5654261704722
265.0,409.5978391356583
265.0,410.6302521008444
265.0,411.6626650660305
265.0,412.6950780312166
265.0,413.7274909964027
265.0,414.7599039615888
265.0,415.7923169267749
265.0,416.824729891961
265.0,417.8571428571471
265.0,418.8895558223332
265.0,419.9219687875193
265.0,420.9543817527054
265.0,421.9867947178915
265.0,423.0192076830776
265.0,424.0516206482637
265.0,425.0840336134498
265.0,426.1164465786359
265.0,427.14885954382197
265.0,428.18127250900807
265.0,429.21368547419416
265.0,430.24609843938026
265.0,431.27851140456636
265.0,432.31092436975246
265.0,433.34333733493855
265.0,434.37575030012465
265.0,435.40816326531075
265.0,436.44057623049684
265.0,437.47298919568294
265.0,438.50540216086904
265.0,439.53781512605514
265.0,440.57022809124123
265.0,441.60264105642733
265.0,442.6350540216134
265.0,443.6674669867995
265.0,444.6998799519856
265.0,445.7322929171717
265.0,446.7647058823578
265.0,447.7971188475439
265.0,448.82953181273
265.0,449.8619447779161
265.0,450.8943577431022
265.0,451.9267707082883
265.0,452.9591836734744
265.0,453.9915966386605
265.0,455.0240096038466
265.0,456.0564225690327
265.0,457.0888355342188
265.0,458.1212484994049
265.0,459.153661464591
265.0,460.1860744297771
265.0,461.2184873949632
265.0,462.2509003601493
265.0,463.28331332533537
265.0,464.31572629052147
265.0,465.34813925570757
265.0,466.38055222089366
265.0,467.41296518607976
265.0,468.44537815126586
265.0,469.47779111645195
265.0,470.51020408163805
265.0,471.54261704682415
265.0,472.57503001201025
265.0,473.60744297719634
265.0,474.63985594238244
265.0,475.67226890756854
265.0,476.70468187275463
265.0,477.73709483794073
265.0,478.7695078031268
265.0,479.8019207683129
264.1656662665036,480.0
263.1332533013175,480.0
262.1008403361314,480.0
261.0684273709453,480.0
260.0360144057592,480.0
259.0036014405731,480.0
257.971188475387,480.0
256.9387755102009,480.0
255.90636254501484,480.0
254.87394957982877,480.0
253.8415366146427,480.0
252.80912364945664,480.0
251.77671068427057,480.0
250.7442977190845,480.0
249.71188475389843,480.0
248.67947178871236,480.0
247.6470588235263,480.0
246.61464585834023,480.0
245.58223289315416,480.0
244.5498199279681,480.0
243.51740696278202,480.0
242.48499399759595,480.0
241.45258103240988,480.0
240.4201680672238,480.0
239.38775510203774,480.0
238.35534213685168,480.0
237.3229291716656,480.0
236.29051620647954,480.0
235.25810324129347,480.0
234.2256902761074,480.0
233.19327731092133,480.0
232.16086434573526,480.0
231.1284513805492,480.0
230.09603841536313,480.0
229.06362545017706,480.0
228.031212484991,480.0
226.99879951980492,480.0
225.96638655461885,480.0
224.93397358943278,480.0
223.9015606242467,480.0
222.86914765906064,480.0
221.83673469387458,480.0
220.8043217286885,480.0
219.77190876350244,480.0
218.73949579831637,480.0
217.7070828331303,480.0
216.67466986794423,480.0
215.64225690275816,480.0
214.6098439375721,480.0
213.57743097238603,480.0
212.54501800719996,480.0
211.5126050420139,480.0
210.48019207682782,480.0
209.44777911164175,480.0
208.41536614645568,480.0
207.3829531812696,480.0
206.35054021608354,480.0
205.31812725089748,480.0
204.2857142857114,480.0
203.25330132052534,480.0
202.22088835533927,480.0
201.1884753901532,480.0
200.15606242496713,480.0
199.12364945978106,480.0
198.091236494595,480.0
197.05882352940893,480.0
196.02641056422286,480.0
194.9939975990368,480.0
193.96158463385072,480.0
192.92917166866465,480.0
191.89675870347858,480.0
190.8643457382925,480.0
189.83193277310644,480.0
188.79951980792038,480.0
187.7671068427343,480.0
186.73469387754824,480.0
185.70228091236217,480.0
184.6698679471761,480.0
183.63745498199003,480.0
182.60504201680396,480.0
181.5726290516179,480.0
180.54021608643183,480.0
179.50780312124576,480.0
178.4753901560597,480.0
177.44297719087362,480.0
176.41056422568755,480.0
175.37815126050148,480.0
174.3457382953154,480.0
173.31332533012935,480.0
172.28091236494328,480.0
171.2484993997572,480.0
170.21608643457114,480.0
169.18367346938507,480.0
168.151260504199,480.0
167.11884753901293,480.0
166.08643457382686,480.0
165.0540216086408,480.0
164.02160864345473,480.0
162.98919567826866,480.0
161.9567827130826,480.0
160.92436974789652,480.0
159.89195678271045,480.0
158.85954381752438,480.0
157.8271308523383,480.0
156.79471788715225,480.0
155.76230492196618,480.0
154.7298919567801,480.0
153.69747899159404,480.0
152.66506602640797,480.0
151.6326530612219,480.0
150.60024009603583,480.0
149.56782713084976,480.0
148.5354141656637,480.0
147.50300120047763,480.0
146.47058823529156,480.0
145.4381752701055,480.0
144.40576230491942,480.0
143.37334933973335,480.0
142.34093637454728,480.0
141.30852340936121,480.0
140.27611044417515,480.0
139.24369747898908,480.0
138.211284513803,480.0
137.17887154861694,480.0
136.14645858343087,480.0
135.1140456182448,480.0
135.0,479.08163265305853
135.0,478.04921968787244
135.0,477.01680672268634
135.0,475.98439375750024
135.0,474.95198079231415
135.0,473.91956782712805
135.0,472.88715486194195
135.0,471.85474189675585
135.0,470.82232893156976
135.0,469.78991596638366
135.0,468.75750300119756
135.0,467.72509003601147
135.0,466.69267707082537
135.0,465.66026410563927
135.0,464.6278511404532
135.0,463.5954381752671
135.0,462.563025210081
135.0,461.5306122448949
135.0,460.4981992797088
135.0,459.4657863145227
135.0,458.4333733493366
135.0,457.4009603841505
135.0,456.3685474189644
135.0,455.3361344537783
135.0,454.3037214885922
135.0,453.2713085234061
135.0,452.23889555822
135.0,451.2064825930339
135.0,450.1740696278478
135.0,449.1416566626617
135.0,448.1092436974756
135.0,447.0768307322895
135.0,446.0444177671034
135.0,445.0120048019173
135.0,443.97959183673123
135.0,442.94717887154513
135.0,441.91476590635904
135.0,440.88235294117294
135.0,439.84993997598684
135.0,438.81752701080075
135.0,437.78511404561465
135.0,436.75270108042855
135.0,435.72028811524245
135.0,434.68787515005636
135.0,433.65546218487026
135.0,432.62304921968416
135.0,431.59063625449807
135.0,430.55822328931197
135.0,429.52581032412587
135.0,428.4933973589398
135.0,427.4609843937537
135.0,426.4285714285676
135.0,425.3961584633815
135.0,424.3637454981954
135.0,423.3313325330093
135.0,422.2989195678232
135.0,421.2665066026371
135.0,420.234093637451
135.0,419.2016806722649
135.0,418.1692677070788
135.0,417.1368547418927
135.0,416.1044417767066
135.0,415.0720288115205
135.0,414.0396158463344
135.0,413.0072028811483
135.0,411.9747899159622
135.0,410.9423769507761
135.0,409.90996398559
135.0,408.8775510204039
135.0,407.84513805521783
135.0,406.81272509003173
135.0,405.78031212484564
135.0,404.74789915965954
135.0,403.71548619447344
135.0,402.68307322928734
135.0,401.65066026410125
135.0,400.61824729891515
135.0,399.58583433372905
135.0,398.55342136854296
135.0,397.52100840335686
135.0,396.48859543817076
135.0,395.45618247298466
135.0,394.42376950779857
135.0,393.39135654261247
135.0,392.3589435774264
135.0,391.3265306122403
135.0,390.2941176470542
135.0,389.2617046818681
135.0,388.229291716682
135.0,387.1968787514959
135.0,386.1644657863098
135.0,385.1320528211237
135.0,384.0996398559376
135.0,383.0672268907515
135.0,382.0348139255654
135.0,381.0024009603793
135.0,379.9699879951932
135.0,378.9375750300071
135.0,377.905162064821
135.0,376.8727490996349
135.0,375.8403361344488
135.0,374.8079231692627
135.0,373.7755102040766
135.0,372.7430972388905
135.0,371.71068427370443
135.0,370.67827130851833
135.0,369.64585834333224
135.0,368.61344537814614
135.0,367.58103241296004
135.0,366.54861944777394
135.0,365.51620648258785
135.0,364.48379351740175
135.0,363.45138055221565
135.0,362.41896758702956
135.0,361.38655462184346
135.0,360.35414165665736
135.0,359.32172869147126
135.0,358.28931572628517
135.0,357.25690276109907
135.0,356.224489795913
135.0,355.1920768307269
135.0,354.1596638655408
135.0,353.1272509003547
135.0,352.0948379351686
135.0,351.0624249699825
135.0,350.0300120047964
136.00240096038658,350.0
137.03481392557265,350.0
138.06722689075872,350.0
139.0996398559448,350.0
140.13205282113086,350.0
141.16446578631692,350.0
142.196878751503,350.0
143.22929171668906,350.0
144.26170468187513,350.0
145.2941176470612,350.0
146.32653061224727,350.0
147.35894357743334,350.0
148.3913565426194,350.0
149.42376950780547,350.0
150.45618247299154,350.0
151.4885954381776,350.0
152.52100840336368,350.0
153.55342136854975,350.0
154.58583433373582,350.0
155.6182472989219,350.0
156.65066026410796,350.0
157.68307322929402,350.0
158.7154861944801,350.0
159.74789915966616,350.0
160.78031212485223,350.0
161.8127250900383,350.0
162.84513805522437,350.0
163.87755102041044,350.0
164.9099639855965,350.0
165.94237695078257,350.0
166.97478991596864,350.0
168.0072028811547,350.0
169.03961584634078,350.0
170.07202881152685,350.0
171.10444177671292,350.0
172.136854741899,350.0
173.16926770708506,350.0
174.20168067227112,350.0
175.2340936374572,350.0
176.26650660264326,350.0
177.29891956782933,350.0
178.3313325330154,350.0
179.36374549820147,350.0
180.39615846338754,350.0
181.4285714285736,350.0
182.46098439375967,350.0
183.49339735894574,350.0
184.5258103241318,350.0
185.55822328931788,350.0
186.59063625450395,350.0
187.62304921969002,350.0
188.6554621848761,350.0
189.68787515006215,350.0
190.72028811524822,350.0
191.7527010804343,350.0
192.78511404562036,350.0
193.81752701080643,350.0
194.8499399759925,350.0
195.88235294117857,350.0
196.91476590636464,350.0
197.9471788715507,350.0
198.97959183673677,350.0
200.01200480192284,350.0
201.0444177671089,350.0
202.07683073229498,350.0
203.10924369748105,350.0
204.14165666266712,350.0
205.17406962785319,350.0
206.20648259303925,350.0
207.23889555822532,350.0
208.2713085234114,350.0
209.30372148859746,350.0
210.33613445378353,350.0
211.3685474189696,350.0
212.40096038415567,350.0
213.43337334934174,350.0
214.4657863145278,350.0
215.49819927971387,350.0
216.53061224489994,350.0
217.563025210086,350.0
218.59543817527208,350.0
219.62785114045815,350.0
220.66026410564422,350.0
221.69267707083029,350.0
222.72509003601635,350.0
223.75750300120242,350.0
224.7899159663885,350.0
225.82232893157456,350.0
226.85474189676063,350.0
227.8871548619467,350.0
228.91956782713277,350.0
229.95198079231884,350.0
230.9843937575049,350.0
232.01680672269097,350.0
233.04921968787704,350.0
234.0816326530631,350.0
235.11404561824918,350.0
236.14645858343525,350.0
237.17887154862132,350.0
238.21128451380739,350.0
239.24369747899345,350.0
240.27611044417952,350.0
241.3085234093656,350.0
242.34093637455166,350.0
243.37334933973773,350.0
244.4057623049238,350.0
245.43817527010987,350.0
246.47058823529593,350.0
247.503001200482,350.0
248.53541416566807,350.0
249.56782713085414,350.0
250.6002400960402,350.0
251.63265306122628,350.0
252.66506602641235,350.0
253.69747899159842,350.0
254.72989195678448,350.0
255.76230492197055,350.0
256.79471788715665,350.0
257.82713085234275,350.0
258.85954381752885,350.0
259.89195678271494,350.0
260.92436974790104,350.0
261.95678271308714,350.0
262.98919567827323,350.0
264.02160864345933,350.0
265.0540216086454,350.0
266.0864345738315,350.0
267.1188475390176,350.0
268.1512605042037,350.0
269.1836734693898,350.0
270.2160864345759,350.0
271.248499399762,350.0
272.2809123649481,350.0
273.3133253301342,350.0
274.3457382953203,350.0
275.3781512605064,350.0
276.4105642256925,350.0
277.4429771908786,350.0
278.4753901560647,350.0
279.5078031212508,350.0
280.5402160864369,350.0
281.572629051623,350.0
282.6050420168091,350.0
283.6374549819952,350.0
284.6698679471813,350.0
285.70228091236737,350.0
286.73469387755347,350.0
287.76710684273957,350.0
288.79951980792566,350.0
289.83193277311176,350.0
290.86434573829786,350.0
291.89675870348395,350.0
292.92917166867005,350.0
293.96158463385615,350.0
294.99399759904225,350.0
296.02641056422834,350.0
297.05882352941444,350.0
298.09123649460054,350.0
299.12364945978663,350.0
300.15606242497273,350.0
301.1884753901588,350.0
302.2208883553449,350.0
303.253301320531,350.0
304.2857142857171,350.0
305.3181272509032,350.0
306.3505402160893,350.0
307.3829531812754,350.0
308.4153661464615,350.0
309.4477791116476,350.0
310.4801920768337,350.0
311.5126050420198,350.0
312.5450180072059,350.0
313.577430972392,350.0
314.6098439375781,350.0
315.6422569027642,350.0
316.6746698679503,350.0
317.7070828331364,350.0
318.7394957983225,350.0
319.7719087635086,350.0
320.8043217286947,350.0
321.83673469388077,350.0
322.86914765906687,350.0
323.90156062425297,350.0
324.93397358943906,350.0
325.96638655462516,350.0
326.99879951981126,350.0
328.03121248499735,350.0
329.06362545018345,350.0
330.09603841536955,350.0
331.12845138055565,350.0
332.16086434574174,350.0
333.19327731092784,350.0
334.22569027611394,350.0
335.25810324130003,350.0
336.29051620648613,350.0
337.32292917167223,350.0
338.3553421368583,350.0
339.3877551020444,350.0
340.4201680672305,350.0
341.4525810324166,350.0
342.4849939976027,350.0
343.5174069627888,350.0
344.5498199279749,350.0
345.582232893161,350.0
346.6146458583471,350.0
347.6470588235332,350.0
348.6794717887193,350.0
349.7118847539054,350.0
350.7442977190915,350.0
351.7767106842776,350.0
352.8091236494637,350.0
353.8415366146498,350.0
354.8739495798359,350.0
355.906362545022,350.0
356.9387755102081,350.0
357.9711884753942,350.0
359.00360144058027,350.0
360.03601440576637,350.0
361.06842737095246,350.0
362.10084033613856,350.0
363.13325330132466,350.0
364.16566626651075,350.0
365.19807923169685,350.0
366.23049219688295,350.0
367.26290516206905,350.0
368.29531812725514,350.0
369.32773109244124,350.0
370.36014405762734,350.0
371.39255702281343,350.0
372.42496998799953,350.0
373.45738295318563,350.0
374.4897959183717,350.0
375.5222088835578,350.0
376.5546218487439,350.0
377.58703481393,350.0
378.6194477791161,350.0
379.6518607443022,350.0
380.6842737094883,350.0
381.7166866746744,350.0
382.7490996398605,350.0
383.7815126050466,350.0
384.8139255702327,350.0
385.8463385354188,350.0
386.8787515006049,350.0
387.911164465791,350.0
388.9435774309771,350.0
389.9759903961632,350.0
391.0084033613493,350.0
392.0408163265354,350.0
393.0732292917215,350.0
394.1056422569076,350.0
395.13805522209367,350.0
396.17046818727977,350.0
397.20288115246586,350.0
398.23529411765196,350.0
399.26770708283806,350.0
400.30012004802416,350.0
401.33253301321025,350.0
402.36494597839635,350.0
403.39735894358245,350.0
404.42977190876854,350.0
405.46218487395464,350.0
406.49459783914074,350.0
407.52701080432684,350.0
408.55942376951293,350.0
409.59183673469903,350.0
410.6242496998851,350.0
411.6566626650712,350.0
412.6890756302573,350.0
413.7214885954434,350.0
414.7539015606295,350.0
415.7863145258156,350.0
416.8187274910017,350.0
417.8511404561878,350.0
418.8835534213739,350.0
419.91596638656,350.0
420.9483793517461,350.0
421.9807923169322,350.0
423.0132052821183,350.0
424.0456182473044,350.0
425.0780312124905,350.0
426.1104441776766,350.0
427.1428571428627,350.0
428.1752701080488,350.0
429.2076830732349,350.0
430.240096038421,350.0
431.27250900360707,350.0
432.30492196879317,350.0
433.33733493397926,350.0
434.36974789916536,350.0
435.40216086435146,350.0
436.43457382953756,350.0
437.46698679472365,350.0
438.49939975990975,350.0
439.53181272509585,350.0
440.56422569028194,350.0
441.59663865546804,350.0
442.62905162065414,350.0
443.66146458584024,350.0
444.69387755102633,350.0
445.72629051621243,350.0
446.7587034813985,350.0
447.7911164465846,350.0
448.8235294117707,350.0
449.8559423769568,350.0
450.8883553421429,350.0
451.920768307329,350.0
452.9531812725151,350.0
453.9855942377012,350.0
455.0180072028873,350.0
456.0504201680734,350.0
457.0828331332595,350.0
458.1152460984456,350.0
459.1476590636317,350.0
460.1800720288178,350.0
461.2124849940039,350.0
462.24489795919,350.0
463.2773109243761,350.0
464.3097238895622,350.0
465.3421368547483,350.0
466.3745498199344,350.0
467.40696278512047,350.0
468.43937575030657,350.0
469.47178871549266,350.0
470.50420168067876,350.0
471.53661464586486,350.0
472.56902761105096,350.0
473.60144057623705,350.0
474.63385354142315,350.0
475.66626650660925,350.0
476.69867947179534,350.0
477.73109243698144,350.0
478.76350540216754,350.0
479.79591836735364,350.0
480.82833133253973,350.0
481.86074429772583,350.0
482.8931572629119,350.0
483.925570228098,350.0
484.9579831932841,350.0
485.9903961584702,350.0
487.0228091236563,350.0
488.0552220888424,350.0
489.0876350540285,350.0
490.1200480192146,350.0
491.1524609844007,350.0
492.1848739495868,350.0
493.2172869147729,350.0
494.249699879959,350.0
495.2821128451451,350.0
496.3145258103312,350.0
497.3469387755173,350.0
498.3793517407034,350.0
499.4117647058895,350.0
500.4441776710756,350.0
501.4765906362617,350.0
502.5090036014478,350.0
503.54141656663387,350.0
504.57382953181997,350.0
505.60624249700606,350.0
506.63865546219216,350.0
507.67106842737826,350.0
508.70348139256436,350.0
509.73589435775045,350.0
510.0,349.2316926770668
510.0,348.1992797118807
510.0,347.1668667466946
510.0,346.1344537815085
510.0,345.1020408163224
510.0,344.0696278511363
510.0,343.0372148859502
510.0,342.0048019207641
510.0,340.972388955578
510.0,339.93997599039193
510.0,338.90756302520583
510.0,337.87515006001973
510.0,336.84273709483364
510.0,335.81032412964754
510.0,334.77791116446144
510.0,333.74549819927535
510.0,332.71308523408925
510.0,331.68067226890315
510.0,330.64825930371705
510.0,329.61584633853096
510.0,328.58343337334486
510.0,327.55102040815876
510.0,326.51860744297267
510.0,325.48619447778657
510.0,324.4537815126005
510.0,323.4213685474144
510.0,322.3889555822283
510.0,321.3565426170422
510.0,320.3241296518561
510.0,319.29171668667
510.0,318.2593037214839
510.0,317.2268907562978
510.0,316.1944777911117
510.0,315.1620648259256
510.0,314.1296518607395
510.0,313.0972388955534
510.0,312.0648259303673
510.0,311.0324129651812
510.0,309.9999999999951
510.0,308.967587034809
510.0,307.9351740696229
510.0,306.9027611044368
510.0,305.8703481392507
510.0,304.8379351740646
510.0,303.80552220887853
510.0,302.77310924369243
510.0,301.74069627850633
510.0,300.70828331332024
510.0,299.67587034813414
510.0,298.64345738294804
510.0,297.61104441776195
510.0,296.57863145257585
510.0,295.54621848738975
510.0,294.51380552220365
510.0,293.48139255701756
510.0,292.44897959183146
510.0,291.41656662664536
510.0,290.38415366145927
510.0,289.35174069627317
510.0,288.31932773108707
510.0,287.286914765901
510.0,286.2545018007149
510.0,285.2220888355288
510.0,284.1896758703427
510.0,283.1572629051566
510.0,282.1248499399705
510.0,281.0924369747844
510.0,280.0600240095983
510.0,279.0276110444122
510.0,277.9951980792261
510.0,276.96278511404
510.0,275.9303721488539
510.0,274.8979591836678
510.0,273.8655462184817
510.0,272.8331332532956
510.0,271.8007202881095
510.0,270.7683073229234
510.0,269.7358943577373
510.0,268.7034813925512
510.0,267.6710684273651
510.0,266.63865546217903
510.0,265.60624249699293
510.0,264.57382953180684
510.0,263.54141656662074
510.0,262.50900360143464
510.0,261.47659063624855
510.0,260.44417767106245
510.0,259.41176470587635
510.0,258.37935174069025
510.0,257.34693877550416
510.0,256.31452581031806
510.0,255.282112845132
510.0,254.24969987994592
510.0,253.21728691475985
510.0,252.18487394957378
510.0,251.15246098438772
510.0,250.12004801920165
510.0,249.08763505401558
510.0,248.0552220888295
510.0,247.02280912364344
510.0,245.99039615845737
510.0,244.9579831932713
510.0,243.92557022808523
510.0,242.89315726289917
510.0,241.8607442977131
510.0,240.82833133252703
510.0,239.79591836734096
510.0,238.7635054021549
510.0,237.73109243696882
510.0,236.69867947178275
510.0,235.66626650659668
510.0,234.63385354141062
510.0,233.60144057622455
510.0,232.56902761103848
510.0,231.5366146458524
510.0,230.50420168066634
510.0,229.47178871548027
510.0,228.4393757502942
510.0,227.40696278510813
510.0,226.37454981992207
510.0,225.342136854736
510.0,224.30972388954993
510.0,223.27731092436386
510.0,222.2448979591778
510.0,221.21248499399172
510.0,220.18007202880565
510.0,219.14765906361959
510.0,218.11524609843352
510.0,217.08283313324745
510.0,216.05042016806138
510.0,215.0180072028753
510.0,213.98559423768924
510.0,212.95318127250317
510.0,211.9207683073171
510.0,210.88835534213104
510.0,209.85594237694497
510.0,208.8235294117589
510.0,207.79111644657283
510.0,206.75870348138676
510.0,205.7262905162007
510.0,204.69387755101462
510.0,203.66146458582855
510.0,202.62905162064249
510.0,201.59663865545642
510.0,200.56422569027035
510.0,199.53181272508428
510.0,198.4993997598982
510.0,197.46698679471214
510.0,196.43457382952607
510.0,195.40216086434
510.6302521008439,195.0
511.66266506603,195.0
512.6950780312161,195.0
513.7274909964021,195.0
514.7599039615882,195.0
515.7923169267742,195.0
516.8247298919603,195.0
517.8571428571463,195.0
518.8895558223323,195.0
519.9219687875184,195.0
520.9543817527044,195.0
521.9867947178905,195.0
523.0192076830765,195.0
524.0516206482625,195.0
525.0840336134486,195.0
526.1164465786346,195.0
527.1488595438207,195.0
528.1812725090067,195.0
529.2136854741927,195.0
530.2460984393788,195.0
531.2785114045648,195.0
532.3109243697509,195.0
533.3433373349369,195.0
534.375750300123,195.0
535.408163265309,195.0
536.440576230495,195.0
537.4729891956811,195.0
538.5054021608671,195.0
539.5378151260531,195.0
540.5702280912392,195.0
541.6026410564252,195.0
542.6350540216113,195.0
543.6674669867973,195.0
544.6998799519833,195.0
545.7322929171694,195.0
546.7647058823554,195.0
547.7971188475415,195.0
548.8295318127275,195.0
549.8619447779135,195.0
550.8943577430996,195.0
551.9267707082856,195.0
552.9591836734717,195.0
553.9915966386577,195.0
555.0240096038438,195.0
556.0564225690298,195.0
557.0888355342158,195.0
558.1212484994019,195.0
559.1536614645879,195.0
560.186074429774,195.0
561.21848739496,195.0
562.250900360146,195.0
563.2833133253321,195.0
564.3157262905181,195.0
565.3481392557042,195.0
566.3805522208902,195.0
567.4129651860762,195.0
568.4453781512623,195.0
569.4777911164483,195.0
570.5102040816344,195.0
571.5426170468204,195.0
572.5750300120064,195.0
573.6074429771925,195.0
574.6398559423785,195.0
575.6722689075646,195.0
576.7046818727506,195.0
577.7370948379366,195.0
578.7695078031227,195.0
579.8019207683087,195.0
580.8343337334948,195.0
581.8667466986808,195.0
582.8991596638668,195.0
583.9315726290529,195.0
584.9639855942389,195.0
585.996398559425,195.0
587.028811524611,195.0
588.061224489797,195.0
589.0936374549831,195.0
590.1260504201691,195.0
591.1584633853552,195.0
592.1908763505412,195.0
593.2232893157272,195.0
594.2557022809133,195.0
595.2881152460993,195.0
596.3205282112854,195.0
597.3529411764714,195.0
598.3853541416574,195.0
599.4177671068435,195.0
600.4501800720295,195.0
601.4825930372156,195.0
602.5150060024016,195.0
603.5474189675876,195.0
604.5798319327737,195.0
605.0,195.61224489796268
605.0,196.64465786314875
605.0,197.67707082833482
605.0,198.7094837935209
605.0,199.74189675870696
605.0,200.77430972389303
605.0,201.8067226890791
605.0,202.83913565426516
605.0,203.87154861945123
605.0,204.9039615846373
605.0,205.93637454982337
605.0,206.96878751500944
605.0,208.0012004801955
605.0,209.03361344538158
605.0,210.06602641056764
605.0,211.0984393757537
605.0,212.13085234093978
605.0,213.16326530612585
605.0,214.19567827131192
605.0,215.228091236498
605.0,216.26050420168406
605.0,217.29291716687013
605.0,218.3253301320562
605.0,219.35774309724226
605.0,220.39015606242833
605.0,221.4225690276144
605.0,222.45498199280047
605.0,223.48739495798654
605.0,224.5198079231726
605.0,225.55222088835868
605.0,226.58463385354474
605.0,227.6170468187308
605.0,228.64945978391688
605.0,229.68187274910295
605.0,230.71428571428902
605.0,231.7466986794751
605.0,232.77911164466116
605.0,233.81152460984723
605.0,234.8439375750333
605.0,235.87635054021936
605.0,236.90876350540543
605.0,237.9411764705915
605.0,238.97358943577757
605.0,240.00600240096364
605.0,241.0384153661497
605.0,242.07082833133578
605.0,243.10324129652184
605.0,244.1356542617079
605.0,245.16806722689398
605.0,246.20048019208005
605.0,247.23289315726612
605.0,248.2653061224522
605.0,249.29771908763826
605.0,250.33013205282433
605.0,251.3625450180104
605.0,252.39495798319646
605.0,253.42737094838253
605.0,254.4597839135686
605.0,255.49219687875467
605.0,256.52460984394077
605.0,257.55702280912686
605.0,258.58943577431296
605.0,259.62184873949906
605.0,260.65426170468515
605.0,261.68667466987125
605.0,262.71908763505735
605.0,263.75150060024345
605.0,264.78391356542954
605.0,265.81632653061564
605.0,266.84873949580174
605.0,267.88115246098783
605.0,268.91356542617393
605.0,269.94597839136003
605.0,270.9783913565461
605.0,272.0108043217322
605.0,273.0432172869183
605.0,274.0756302521044
605.0,275.1080432172905
605.0,276.1404561824766
605.0,277.1728691476627
605.0,278.2052821128488
605.0,279.2376950780349
605.0,280.270108043221
605.0,281.3025210084071
605.0,282.3349339735932
605.0,283.3673469387793
605.0,284.3997599039654
605.0,285.4321728691515
605.0,286.4645858343376
605.0,287.4969987995237
605.0,288.5294117647098
605.0,289.5618247298959
605.0,290.594237695082
605.0,291.62665066026807
605.0,292.65906362545417
605.0,293.69147659064026
605.0,294.72388955582636
605.0,295.75630252101246
605.0,296.78871548619856
605.0,297.82112845138465
605.0,298.85354141657075
605.0,299.88595438175685
605.0,300.91836734694294
605.0,301.95078031212904
605.0,302.98319327731514
605.0,304.01560624250124
605.0,305.04801920768733
605.0,306.08043217287343
605.0,307.1128451380595
605.0,308.1452581032456
605.0,309.1776710684317
605.0,310.2100840336178
605.0,311.2424969988039
605.0,312.27490996399
605.0,313.3073229291761
605.0,314.3397358943622
605.0,315.3721488595483
605.0,316.4045618247344
605.0,317.4369747899205
605.0,318.4693877551066
605.0,319.5018007202927
605.0,320.5342136854788
605.0,321.5666266506649
605.0,322.599039615851
605.0,323.6314525810371
605.0,324.6638655462232
605.0,325.6962785114093
605.0,326.7286914765954
605.0,327.76110444178147
605.0,328.79351740696757
605.0,329.82593037215366
605.0,330.85834333733976
605.0,331.89075630252586
605.0,332.92316926771196
605.0,333.95558223289805
605.0,334.98799519808415
605.0,336.02040816327025
605.0,337.05282112845634
605.0,338.08523409364244
605.0,339.11764705882854
605.0,340.15006002401464
605.0,341.18247298920073
605.0,342.21488595438683
605.0,343.2472989195729
605.0,344.279711884759
605.0,345.3121248499451
605.0,346.3445378151312
605.0,347.3769507803173
605.0,348.4093637455034
605.0,349.4417767106895
605.0,350.4741896758756
605.0,351.5066026410617
605.0,352.5390156062478
605.0,353.5714285714339
605.0,354.60384153662
605.0,355.6362545018061
605.0,356.6686674669922
605.0,357.7010804321783
605.0,358.7334933973644
605.0,359.7659063625505
605.0,360.7983193277366
605.0,361.8307322929227
605.0,362.8631452581088
605.0,363.89555822329487
605.0,364.92797118848097
605.0,365.96038415366706
605.0,366.99279711885316
605.0,368.02521008403926
605.0,369.05762304922536
605.0,370.09003601441145
605.0,371.12244897959755
605.0,372.15486194478365
605.0,373.18727490996974
605.0,374.21968787515584
605.0,375.25210084034194
605.0,376.28451380552804
605.0,377.31692677071413
605.0,378.34933973590023
605.0,379.3817527010863
605.0,380.4141656662724
605.0,381.4465786314585
605.0,382.4789915966446
605.0,383.5114045618307
605.0,384.5438175270168
605.0,385.5762304922029
605.0,386.608643457389
605.0,387.6410564225751
605.0,388.6734693877612
605.0,389.7058823529473
605.0,390.7382953181334
605.0,391.7707082833195
605.0,392.8031212485056
605.0,393.8355342136917
605.0,394.8679471788778
605.0,395.9003601440639
605.0,396.93277310925
605.0,397.9651860744361
605.0,398.9975990396222
605.0,400.03001200480827
605.0,401.06242496999437
605.0,402.09483793518046
605.0,403.12725090036656
605.0,404.15966386555266
605.0,405.19207683073876
605.0,406.22448979592485
605.0,407.25690276111095
605.0,408.28931572629705
605.0,409.32172869148314
605.0,410.35414165666924
605.0,411.38655462185534
605.0,412.41896758704144
605.0,413.45138055222753
605.0,414.48379351741363
605.0,415.5162064825997
605.0,416.5486194477858
605.0,417.5810324129719
605.0,418.613445378158
605.0,419.6458583433441
605.0,420.6782713085302
605.0,421.7106842737163
605.0,422.7430972389024
605.0,423.7755102040885
605.0,424.8079231692746
605.0,425.8403361344607
605.0,426.8727490996468
605.0,427.9051620648329
605.0,428.937575030019
605.0,429.9699879952051
603.9975990396132,430.0
602.9651860744272,430.0
601.9327731092411,430.0
600.9003601440551,430.0
599.867947178869,430.0
598.835534213683,430.0
597.803121248497,430.0
596.7707082833109,430.0
595.7382953181249,430.0
594.7058823529388,430.0
593.6734693877528,430.0
592.6410564225667,430.0
591.6086434573807,430.0
590.5762304921947,430.0
589.5438175270086,430.0
588.5114045618226,430.0
587.4789915966365,430.0
586.4465786314505,430.0
585.4141656662645,430.0
584.3817527010784,430.0
583.3493397358924,430.0
582.3169267707063,430.0
581.2845138055203,430.0
580.2521008403343,430.0
579.2196878751482,430.0
578.1872749099622,430.0
577.1548619447761,430.0
576.1224489795901,430.0
575.0900360144041,430.0
574.057623049218,430.0
573.025210084032,430.0
571.9927971188459,430.0
570.9603841536599,430.0
569.9279711884739,430.0
568.8955582232878,430.0
567.8631452581018,430.0
566.8307322929157,430.0
565.7983193277297,430.0
564.7659063625437,430.0
563.7334933973576,430.0
562.7010804321716,430.0
561.6686674669855,430.0
560.6362545017995,430.0
559.6038415366135,430.0
558.5714285714274,430.0
557.5390156062414,430.0
556.5066026410553,430.0
555.4741896758693,430.0
554.4417767106833,430.0
553.4093637454972,430.0
552.3769507803112,430.0
551.3445378151251,430.0
550.3121248499391,430.0
549.279711884753,430.0
548.247298919567,430.0
547.214885954381,430.0
546.1824729891949,430.0
545.1500600240089,430.0
544.1176470588229,430.0
543.0852340936368,430.0
542.0528211284508,430.0
541.0204081632647,430.0
539.9879951980787,430.0
538.9555822328927,430.0
537.9231692677066,430.0
536.8907563025206,430.0
535.8583433373345,430.0
534.8259303721485,430.0
533.7935174069625,430.0
532.7611044417764,430.0
531.7286914765904,430.0
530.6962785114043,430.0
529.6638655462183,430.0
528.6314525810322,430.0
527.5990396158462,430.0
526.5666266506602,430.0
525.5342136854741,430.0
524.5018007202881,430.0
523.469387755102,430.0
522.436974789916,430.0
521.40456182473,430.0
520.3721488595439,430.0
519.3397358943579,430.0
518.3073229291718,430.0
517.2749099639858,430.0
516.2424969987998,430.0
515.2100840336137,430.0
514.1776710684277,430.0
513.1452581032416,430.0
512.1128451380556,430.0
511.0804321728695,430.0
510.0480192076834,430.0
509.0156062424973,430.0
507.9831932773112,430.0
506.9507803121251,430.0
505.918367346939,430.0
504.8859543817529,430.0
503.8535414165668,430.0
502.82112845138073,430.0
501.78871548619463,430.0
500.75630252100854,430.0
499.72388955582244,430.0
498.69147659063634,430.0
497.65906362545024,430.0
496.62665066026415,430.0
495.59423769507805,430.0
494.56182472989195,430.0
493.52941176470586,430.0
492.49699879951976,430.0
491.46458583433366,430.0
490.43217286914756,430.0
489.39975990396147,430.0
488.36734693877537,430.0
487.3349339735893,430.0
486.3025210084032,430.0
485.2701080432171,430.0
484.237695078031,430.0
483.2052821128449,430.0
482.1728691476588,430.0
481.1404561824727,430.0
480.1080432172866,430.0
479.0756302521005,430.0
478.0432172869144,430.0
477.0108043217283,430.0
475.9783913565422,430.0
474.9459783913561,430.0
473.91356542617,430.0
472.8811524609839,430.0
471.8487394957978,430.0
470.8163265306117,430.0
469.7839135654256,430.0
468.7515006002395,430.0
467.7190876350534,430.0
466.68667466986733,430.0
465.65426170468123,430.0
464.62184873949514,430.0
463.58943577430904,430.0
462.55702280912294,430.0
461.52460984393684,430.0
460.49219687875075,430.0
459.45978391356465,430.0
458.42737094837855,430.0
457.39495798319246,430.0
456.36254501800636,430.0
455.33013205282026,430.0
454.29771908763416,430.0
453.26530612244807,430.0
452.23289315726197,430.0
451.2004801920759,430.0
450.1680672268898,430.0
449.1356542617037,430.0
448.1032412965176,430.0
447.0708283313315,430.0
446.0384153661454,430.0
445.0060024009593,430.0
443.9735894357732,430.0
442.9411764705871,430.0
441.908763505401,430.0
440.8763505402149,430.0
439.8439375750288,430.0
438.8115246098427,430.0
437.7791116446566,430.0
436.7466986794705,430.0
435.7142857142844,430.0
434.6818727490983,430.0
433.6494597839122,430.0
432.6170468187261,430.0
431.58463385354,430.0
430.55222088835393,430.0
429.51980792316783,430.0
428.48739495798173,430.0
427.45498199279564,430.0
426.42256902760954,430.0
425.39015606242344,430.0
424.35774309723735,430.0
423.32533013205125,430.0
422.29291716686515,430.0
421.26050420167905,430.0
420.22809123649296,430.0
419.19567827130686,430.0
418.16326530612076,430.0
417.13085234093467,430.0
416.09843937574857,430.0
415.0660264105625,430.0
414.0336134453764,430.0
413.0012004801903,430.0
411.9687875150042,430.0
410.9363745498181,430.0
409.903961584632,430.0
408.8715486194459,430.0
407.8391356542598,430.0
406.8067226890737,430.0
405.7743097238876,430.0
404.7418967587015,430.0
403.7094837935154,430.0
402.6770708283293,430.0
401.6446578631432,430.0
400.6122448979571,430.0
399.579831932771,430.0
398.5474189675849,430.0
397.5150060023988,430.0
396.4825930372127,430.0
395.4501800720266,430.0
394.41776710684053,430.0
393.38535414165443,430.0
392.35294117646833,430.0
391.32052821128224,430.0
390.28811524609614,430.0
389.25570228091004,430.0
388.22328931572395,430.0
387.19087635053785,430.0
386.15846338535175,430.0
385.12605042016565,430.0
384.09363745497956,430.0
383.06122448979346,430.0
382.02881152460736,430.0
380.99639855942127,430.0
379.96398559423517,430.0
378.93157262904907,430.0
377.899159663863,430.0
376.8667466986769,430.0
375.8343337334908,430.0
374.8019207683047,430.0
373.7695078031186,430.0
372.7370948379325,430.0
371.7046818727464,430.0
370.6722689075603,430.0
369.6398559423742,430.0
368.6074429771881,430.0
367.575030012002,430.0
366.5426170468159,430.0
365.5102040816298,430.0
364.4777911164437,430.0
363.4453781512576,430.0
362.4129651860715,430.0
361.3805522208854,430.0
360.3481392556993,430.0
360.0,430.68427370948547
360.0,431.71668667467156
360.0,432.74909963985766
360.0,433.78151260504376
360.0,434.81392557022986
360.0,435.84633853541595
360.0,436.87875150060205
360.0,437.91116446578815
360.0,438.94357743097424
360.0,439.97599039616034
360.0,441.00840336134644
360.0,442.04081632653254
360.0,443.07322929171863
360.0,444.10564225690473
360.0,445.1380552220908
360.0,446.1704681872769
360.0,447.202881152463
360.0,448.2352941176491
360.0,449.2677070828352
360.0,450.3001200480213
360.0,451.3325330132074
360.0,452.3649459783935
360.0,453.3973589435796
360.0,454.4297719087657
360.0,455.4621848739518
360.0,456.4945978391379
360.0,457.527010804324
360.0,458.5594237695101
360.0,459.5918367346962
360.0,460.6242496998823
360.0,461.6566626650684
360.0,462.6890756302545
360.0,463.7214885954406
360.0,464.7539015606267
360.0,465.78631452581277
360.0,466.81872749099887
360.0,467.85114045618496
360.0,468.88355342137106
360.0,469.91596638655716
360.0,470.94837935174326
360.0,471.98079231692935
360.0,473.01320528211545
360.0,474.04561824730155
360.0,475.07803121248764
360.0,476.11044417767374
360.0,477.14285714285984
360.0,478.17527010804594
360.0,479.20768307323203
360.0,480.24009603841813
360.0,481.2725090036042
360.0,482.3049219687903
360.0,483.3373349339764
360.0,484.3697478991625
360.0,485.4021608643486
360.0,486.4345738295347
360.0,487.4669867947208
360.0,488.4993997599069
360.0,489.531812725093
360.0,490.56422569027785
360.0,491.59663865546395
360.0,492.62905162065005
360.0,493.66146458583614
360.0,494.69387755102224
360.0,495.72629051620834
360.0,496.75870348139443
360.0,497.79111644658053
360.0,498.82352941176663
360.0,499.8559423769527
360.0,500.8883553421388
360.0,501.9207683073249
360.0,502.953181272511
360.0,503.9855942376971
360.0,505.0180072028832
360.0,506.0504201680693
360.0,507.0828331332554
360.0,508.1152460984415
360.0,509.1476590636276
360.0,510.1800720288137
360.0,511.2124849939998
360.0,512.2448979591859
360.0,513.2773109243719
360.0,514.309723889558
360.0,515.342136854744
360.0,516.37454981993
360.0,517.4069627851161
360.0,518.4393757503021
360.0,519.4717887154882
360.0,520.5042016806742
360.0,521.5366146458603
360.0,522.5690276110463
360.0,523.6014405762323
360.0,524.6338535414184
360.0,525.6662665066044
360.0,526.6986794717905
360.0,527.7310924369765
360.0,528.7635054021625
360.0,529.7959183673486
360.0,530.8283313325346
360.0,531.8607442977207
360.0,532.8931572629067
360.0,533.9255702280927
360.0,534.9579831932788
360.0,535.9903961584648
360.0,537.0228091236509
360.0,538.0552220888369
360.0,539.0876350540229
360.0,540.120048019209
360.0,541.152460984395
360.0,542.1848739495811
360.0,543.2172869147671
360.0,544.2496998799531
360.0,545.2821128451392
360.0,546.3145258103252
360.0,547.3469387755113
360.0,548.3793517406973
360.0,549.4117647058833
360.0,550.4441776710694
360.0,551.4765906362554
360.0,552.5090036014415
360.0,553.5414165666275
360.0,554.5738295318135
360.0,555.6062424969996
360.0,556.6386554621856
360.0,557.6710684273717
360.0,558.7034813925577
360.0,559.7358943577437
360.0,560.7683073229298
360.0,561.8007202881158
360.0,562.8331332533019
360.0,563.8655462184879
360.0,564.897959183674
360.0,565.93037214886
360.0,566.962785114046
360.0,567.9951980792321
360.0,569.0276110444181
360.0,570.0600240096041
360.0,571.0924369747902
360.0,572.1248499399762
360.0,573.1572629051623
360.0,574.1896758703483
360.0,575.2220888355344
360.0,576.2545018007204
360.0,577.2869147659064
360.0,578.3193277310925
360.0,579.3517406962785
360.0,580.3841536614646
360.0,581.4165666266506
360.0,582.4489795918366
360.0,583.4813925570227
360.0,584.5138055222087
360.0,585.5462184873948
360.0,586.5786314525808
360.0,587.6110444177668
360.0,588.6434573829529
360.0,589.6758703481389
360.0,590.708283313325
360.0,591.740696278511
360.0,592.773109243697
360.0,593.8055222088831
360.0,594.8379351740691
360.0,595.8703481392552
360.0,596.9027611044412
360.0,597.9351740696272
360.0,598.9675870348133
