x,y,note
0.0,219.14,
1.0015,219.14,
2.0031,219.14,
3.0046,219.14,
4.0062,219.14,
5.0077,219.14,
6.0093,219.14,
7.0108,219.14,
8.0124,219.14,
9.0139,219.14,
10.0154,219.14,
11.017,219.14,
12.0185,219.14,
13.0201,219.14,
14.0216,219.14,
15.0232,219.14,
16.0247,219.14,
17.0262,219.14,
18.0278,219.14,
19.0293,219.14,
20.0309,219.14,
21.0324,219.14,
22.034,219.14,
23.0355,219.14,
24.0371,219.14,
25.0386,219.14,
26.0401,219.14,
27.0417,219.14,
28.0432,219.14,
29.0448,219.14,
30.0463,219.14,
31.0479,219.14,
32.0494,219.14,
33.051,219.14,
34.0525,219.14,
35.054,219.14,
36.0556,219.14,
37.0571,219.14,
38.0587,219.14,
39.0602,219.14,
40.0618,219.14,
41.0633,219.14,
42.0649,219.14,
43.0664,219.14,
44.0679,219.14,
45.0695,219.14,
46.071,219.14,
47.0726,219.14,
48.0741,219.14,
49.0757,219.14,
50.0772,219.14,
51.0787,219.14,
52.0803,219.14,
53.0818,219.14,
54.0834,219.14,
55.0849,219.14,
56.0865,219.14,
57.088,219.14,
58.0896,219.14,
59.0911,219.14,
60.0926,219.14,
61.0942,219.14,
62.0957,219.14,
63.0973,219.14,
64.0988,219.14,
65.1004,219.14,
66.1019,219.14,
67.1035,219.14,
68.105,219.14,
69.1065,219.14,
70.1081,219.14,
71.1096,219.14,
72.1112,219.14,
73.1127,219.14,
74.1143,219.14,
75.1158,219.14,
76.1174,219.14,
77.1189,219.14,
78.1204,219.14,
79.122,219.14,
80.1235,219.14,
81.1251,219.14,
82.1266,219.14,
83.1282,219.14,
84.1297,219.14,
85.1313,219.14,
86.1328,219.14,
87.1343,219.14,
88.1359,219.14,
89.1374,219.14,
90.139,219.14,
91.1405,219.14,
92.1421,219.14,
93.1436,219.14,
94.1451,219.14,
95.1467,219.14,
96.1482,219.14,
97.1498,219.14,
98.1513,219.14,
99.1529,219.14,
100.1544,219.14,
101.156,219.14,
102.1575,219.14,
103.159,219.14,
104.1606,219.14,
105.1621,219.14,
106.1637,219.14,
107.1652,219.14,
108.1668,219.14,
109.1683,219.14,
110.1699,219.14,
111.1714,219.14,
112.1729,219.14,
113.1745,219.14,
114.176,219.14,
115.1776,219.14,
116.1791,219.14,
117.1807,219.14,
118.1822,219.14,
119.1838,219.14,
120.1853,219.14,
121.1868,219.14,
122.1884,219.14,
123.1899,219.14,
124.1915,219.14,
125.193,219.14,
126.1946,219.14,
127.1961,219.14,
128.1976,219.14,
129.1992,219.14,
130.2007,219.14,
131.2023,219.14,
132.2038,219.14,
133.2054,219.14,
134.2069,219.14,
135.2085,219.14,
136.21,219.14,
137.2115,219.14,
138.2131,219.14,
139.2146,219.14,
140.2162,219.14,
141.2177,219.14,
142.2193,219.14,
143.2208,219.14,
144.2224,219.14,
145.2239,219.14,
146.2254,219.14,
147.227,219.14,
148.2285,219.14,
149.2301,219.14,
150.2316,219.14,
151.2332,219.14,
152.2347,219.14,
153.2362,219.14,
154.2378,219.14,
155.2393,219.14,
156.2409,219.14,
157.2424,219.14,
158.244,219.14,
159.2455,219.14,
160.2471,219.14,
161.2486,219.14,
162.2501,219.14,
163.2517,219.14,
164.2532,219.14,
165.2548,219.14,
166.2563,219.14,
167.2579,219.14,
168.2594,219.14,
169.261,219.14,
170.2625,219.14,
171.264,219.14,
172.2656,219.14,
173.2671,219.14,
174.2687,219.14,
175.2702,219.14,
176.2718,219.14,
177.2733,219.14,
178.2749,219.14,
179.2764,219.14,
180.2779,219.14,
181.2795,219.14,
182.281,219.14,
183.2826,219.14,
184.2841,219.14,
185.2857,219.14,
186.2872,219.14,
187.2887,219.14,
188.2903,219.14,
189.2918,219.14,
190.2934,219.14,
191.2949,219.14,
192.2965,219.14,
193.298,219.14,
194.2996,219.14,
195.3011,219.14,
196.3026,219.14,
197.3042,219.14,
198.3057,219.14,
199.3073,219.14,
200.3088,219.14,
201.3104,219.14,
202.3119,219.14,
203.3135,219.14,
204.315,219.14,
205.3165,219.14,
206.3181,219.14,
207.3196,219.14,
208.3212,219.14,
209.3227,219.14,
210.3243,219.14,
211.3258,219.14,
212.3274,219.14,
213.3289,219.14,
214.3304,219.14,
215.332,219.14,
216.3335,219.14,
217.3351,219.14,
218.3366,219.14,
219.3382,219.14,
220.3397,219.14,
221.3412,219.14,
222.3428,219.14,
223.3443,219.14,
224.3459,219.14,
225.3474,219.14,
226.349,219.14,
227.3505,219.14,
228.3521,219.14,
229.3536,219.14,
230.3551,219.14,
231.3567,219.14,
232.3582,219.14,
233.3598,219.14,
234.3613,219.14,
235.3629,219.14,
236.3644,219.14,
237.366,219.14,
238.3675,219.14,
239.369,219.14,
240.3706,219.14,
241.3721,219.14,
242.3737,219.14,
243.3752,219.14,
244.3768,219.14,
245.3783,219.14,
246.3799,219.14,
247.3814,219.14,
248.3829,219.14,
249.3845,219.14,
250.386,219.14,
251.3876,219.14,
252.3891,219.14,
253.3907,219.14,
254.3922,219.14,
255.3938,219.14,
256.3953,219.14,
257.3968,219.14,
258.3984,219.14,
259.3999,219.14,
260.4015,219.14,
261.403,219.14,
262.4046,219.14,
263.4061,219.14,
264.4076,219.14,
265.4092,219.14,
266.4107,219.14,
267.4123,219.14,
268.4138,219.14,
269.4154,219.14,
270.4169,219.14,
271.4185,219.14,
272.42,219.14,
273.4215,219.14,
274.4231,219.14,
275.4246,219.14,
276.4262,219.14,
277.4277,219.14,
278.4293,219.14,
279.4308,219.14,
280.4324,219.14,
281.4339,219.14,
282.4354,219.14,
283.437,219.14,
284.4385,219.14,
285.4401,219.14,
286.4416,219.14,
287.4432,219.14,
288.4447,219.14,
289.4463,219.14,
290.4478,219.14,
291.4493,219.14,
292.4509,219.14,
293.4524,219.14,
294.454,219.14,
295.4555,219.14,
296.4571,219.14,
297.4586,219.14,
298.4601,219.14,
299.4617,219.14,
300.4632,219.14,
301.4648,219.14,
302.4663,219.14,
303.4679,219.14,
304.4694,219.14,
305.471,219.14,
306.4725,219.14,
307.474,219.14,
308.4756,219.14,
309.4771,219.14,
310.4787,219.14,
311.4802,219.14,
312.4818,219.14,
313.4833,219.14,
314.4849,219.14,
315.4864,219.14,
316.4879,219.14,
317.4895,219.14,
318.491,219.14,
319.4926,219.14,
320.4941,219.14,
321.4957,219.14,
322.4972,219.14,
323.4987,219.14,
324.5003,219.14,
325.5018,219.14,
326.5034,219.14,
327.5049,219.14,
328.5065,219.14,
329.508,219.14,
330.5096,219.14,
331.5111,219.14,
332.5126,219.14,
333.5142,219.14,
334.5157,219.14,
335.5173,219.14,
336.5188,219.14,
337.5204,219.14,
338.5219,219.14,
339.5235,219.14,
340.525,219.14,
341.5265,219.14,
342.5281,219.14,
343.5296,219.14,
344.5312,219.14,
345.5327,219.14,
346.5343,219.14,
347.5358,219.14,
348.5374,219.14,
349.5389,219.14,
350.5404,219.14,
351.542,219.14,
352.5435,219.14,
353.5451,219.14,
354.5466,219.14,
355.5482,219.14,
356.5497,219.14,
357.5512,219.14,
358.5528,219.14,
359.5543,219.14,
360.5559,219.14,
361.5574,219.14,
362.559,219.14,
363.5605,219.14,
364.5621,219.14,
365.5636,219.14,
366.5651,219.14,
367.5667,219.14,
368.5682,219.14,
369.5698,219.14,
370.5713,219.14,
371.5729,219.14,
372.5744,219.14,
373.576,219.14,
374.5775,219.14,
375.579,219.14,
376.5806,219.14,
377.5821,219.14,
378.5837,219.14,
379.5852,219.14,
380.5868,219.14,
381.5883,219.14,
382.5899,219.14,
383.5914,219.14,
384.5929,219.14,
385.5945,219.14,
386.596,219.14,
387.5976,219.14,
388.5991,219.14,
389.6007,219.14,
390.6022,219.14,
391.6037,219.14,
392.6053,219.14,
393.6068,219.14,
394.6084,219.14,
395.6099,219.14,
396.6115,219.14,
397.613,219.14,
398.6146,219.14,
399.6161,219.14,
400.6176,219.14,
401.6192,219.14,
402.6207,219.14,
403.6223,219.14,
404.6238,219.14,
405.6254,219.14,
406.6269,219.14,
407.6285,219.14,
408.63,219.14,turn
408.63,219.14,
408.63,218.1346,
408.63,217.1291,
408.63,216.1237,
408.63,215.1183,
408.63,214.1129,
408.63,213.1074,
408.63,212.102,
408.63,211.0966,
408.63,210.0911,
408.63,209.0857,
408.63,208.0803,
408.63,207.0748,
408.63,206.0694,
408.63,205.064,
408.63,204.0586,
408.63,203.0531,
408.63,202.0477,
408.63,201.0423,
408.63,200.0368,
408.63,199.0314,
408.63,198.026,
408.63,197.0205,
408.63,196.0151,
408.63,195.0097,
408.63,194.0043,
408.63,192.9988,
408.63,191.9934,
408.63,190.988,
408.63,189.9825,
408.63,188.9771,
408.63,187.9717,
408.63,186.9662,
408.63,185.9608,
408.63,184.9554,
408.63,183.95,
408.63,182.9445,
408.63,181.9391,
408.63,180.9337,
408.63,179.9282,
408.63,178.9228,
408.63,177.9174,
408.63,176.912,
408.63,175.9065,
408.63,174.9011,
408.63,173.8957,
408.63,172.8902,
408.63,171.8848,
408.63,170.8794,
408.63,169.8739,
408.63,168.8685,
408.63,167.8631,
408.63,166.8577,
408.63,165.8522,
408.63,164.8468,
408.63,163.8414,
408.63,162.8359,
408.63,161.8305,
408.63,160.8251,
408.63,159.8196,
408.63,158.8142,
408.63,157.8088,
408.63,156.8034,
408.63,155.7979,
408.63,154.7925,
408.63,153.7871,
408.63,152.7816,
408.63,151.7762,
408.63,150.7708,
408.63,149.7653,
408.63,148.7599,
408.63,147.7545,
408.63,146.7491,
408.63,145.7436,
408.63,144.7382,
408.63,143.7328,
408.63,142.7273,
408.63,141.7219,
408.63,140.7165,
408.63,139.711,
408.63,138.7056,
408.63,137.7002,
408.63,136.6948,
408.63,135.6893,
408.63,134.6839,
408.63,133.6785,
408.63,132.673,
408.63,131.6676,
408.63,130.6622,
408.63,129.6568,
408.63,128.6513,
408.63,127.6459,
408.63,126.6405,
408.63,125.635,
408.63,124.6296,
408.63,123.6242,
408.63,122.6187,
408.63,121.6133,
408.63,120.6079,
408.63,119.6025,
408.63,118.597,
408.63,117.5916,
408.63,116.5862,
408.63,115.5807,
408.63,114.5753,
408.63,113.5699,
408.63,112.5644,
408.63,111.559,
408.63,110.5536,
408.63,109.5482,
408.63,108.5427,
408.63,107.5373,
408.63,106.5319,
408.63,105.5264,
408.63,104.521,
408.63,103.5156,
408.63,102.5101,
408.63,101.5047,
408.63,100.4993,
408.63,99.4939,
408.63,98.4884,
408.63,97.483,turn
408.63,97.483,
407.6258,97.483,
406.6216,97.483,
405.6174,97.483,
404.6132,97.483,
403.609,97.483,
402.6048,97.483,
401.6006,97.483,
400.5964,97.483,
399.5922,97.483,
398.588,97.483,
397.5838,97.483,
396.5796,97.483,
395.5754,97.483,
394.5712,97.483,
393.567,97.483,
392.5628,97.483,
391.5586,97.483,
390.5544,97.483,
389.5502,97.483,
388.546,97.483,
387.5418,97.483,
386.5376,97.483,
385.5334,97.483,
384.5292,97.483,
383.525,97.483,
382.5208,97.483,
381.5166,97.483,
380.5124,97.483,
379.5082,97.483,
378.504,97.483,
377.4998,97.483,
376.4956,97.483,
375.4914,97.483,
374.4872,97.483,
373.483,97.483,
372.4788,97.483,
371.4746,97.483,
370.4704,97.483,
369.4662,97.483,
368.462,97.483,
367.4578,97.483,
366.4536,97.483,
365.4494,97.483,
364.4452,97.483,
363.441,97.483,
362.4368,97.483,
361.4326,97.483,
360.4284,97.483,
359.4242,97.483,
358.42,97.483,
357.4158,97.483,
356.4116,97.483,
355.4074,97.483,
354.4032,97.483,
353.399,97.483,
352.3948,97.483,
351.3906,97.483,
350.3864,97.483,
349.3822,97.483,
348.378,97.483,
347.3738,97.483,
346.3696,97.483,
345.3654,97.483,
344.3612,97.483,
343.357,97.483,
342.3528,97.483,
341.3486,97.483,
340.3444,97.483,
339.3402,97.483,
338.336,97.483,
337.3318,97.483,
336.3276,97.483,
335.3234,97.483,
334.3192,97.483,
333.315,97.483,
332.3108,97.483,
331.3066,97.483,
330.3024,97.483,
329.2982,97.483,
328.294,97.483,
327.2898,97.483,
326.2856,97.483,
325.2814,97.483,
324.2772,97.483,
323.273,97.483,
322.2688,97.483,
321.2646,97.483,
320.2604,97.483,
319.2562,97.483,
318.252,97.483,
317.2478,97.483,
316.2436,97.483,
315.2394,97.483,
314.2352,97.483,
313.231,97.483,
312.2268,97.483,
311.2226,97.483,
310.2184,97.483,
309.2142,97.483,
308.21,97.483,
307.2058,97.483,
306.2016,97.483,
305.1974,97.483,
304.1932,97.483,
303.189,97.483,
302.1848,97.483,
301.1806,97.483,
300.1764,97.483,
299.1722,97.483,
298.168,97.483,
297.1638,97.483,
296.1596,97.483,
295.1554,97.483,
294.1512,97.483,
293.147,97.483,
292.1428,97.483,
291.1386,97.483,
290.1344,97.483,
289.1302,97.483,
288.126,97.483,
287.1218,97.483,
286.1176,97.483,
285.1134,97.483,
284.1092,97.483,
283.105,97.483,
282.1008,97.483,
281.0966,97.483,
280.0924,97.483,
279.0882,97.483,
278.084,97.483,
277.0798,97.483,
276.0756,97.483,
275.0714,97.483,
274.0672,97.483,
273.063,97.483,
272.0588,97.483,
271.0546,97.483,
270.0504,97.483,
269.0462,97.483,
268.042,97.483,turn
268.042,97.483,
268.042,98.4834,
268.042,99.4837,
268.042,100.4841,
268.042,101.4844,
268.042,102.4848,
268.042,103.4852,
268.042,104.4855,
268.042,105.4859,
268.042,106.4862,
268.042,107.4866,
268.042,108.487,
268.042,109.4873,
268.042,110.4877,
268.042,111.488,
268.042,112.4884,
268.042,113.4888,
268.042,114.4891,
268.042,115.4895,
268.042,116.4898,
268.042,117.4902,
268.042,118.4906,
268.042,119.4909,
268.042,120.4913,
268.042,121.4916,
268.042,122.492,
268.042,123.4924,
268.042,124.4927,
268.042,125.4931,
268.042,126.4934,
268.042,127.4938,
268.042,128.4942,
268.042,129.4945,
268.042,130.4949,
268.042,131.4952,
268.042,132.4956,
268.042,133.496,
268.042,134.4963,
268.042,135.4967,
268.042,136.497,
268.042,137.4974,
268.042,138.4978,
268.042,139.4981,
268.042,140.4985,
268.042,141.4988,
268.042,142.4992,
268.042,143.4996,
268.042,144.4999,
268.042,145.5003,
268.042,146.5006,
268.042,147.501,
268.042,148.5014,
268.042,149.5017,
268.042,150.5021,
268.042,151.5024,
268.042,152.5028,
268.042,153.5032,
268.042,154.5035,
268.042,155.5039,
268.042,156.5042,
268.042,157.5046,
268.042,158.505,
268.042,159.5053,
268.042,160.5057,
268.042,161.506,
268.042,162.5064,
268.042,163.5068,
268.042,164.5071,
268.042,165.5075,
268.042,166.5078,
268.042,167.5082,
268.042,168.5086,
268.042,169.5089,
268.042,170.5093,
268.042,171.5096,
268.042,172.51,
268.042,173.5104,
268.042,174.5107,
268.042,175.5111,
268.042,176.5114,
268.042,177.5118,
268.042,178.5122,
268.042,179.5125,
268.042,180.5129,
268.042,181.5132,
268.042,182.5136,
268.042,183.514,
268.042,184.5143,
268.042,185.5147,
268.042,186.515,
268.042,187.5154,
268.042,188.5158,
268.042,189.5161,
268.042,190.5165,
268.042,191.5168,
268.042,192.5172,
268.042,193.5176,
268.042,194.5179,
268.042,195.5183,
268.042,196.5186,
268.042,197.519,
268.042,198.5194,
268.042,199.5197,
268.042,200.5201,
268.042,201.5204,
268.042,202.5208,
268.042,203.5212,
268.042,204.5215,
268.042,205.5219,
268.042,206.5222,
268.042,207.5226,
268.042,208.523,
268.042,209.5233,
268.042,210.5237,
268.042,211.524,
268.042,212.5244,
268.042,213.5248,
268.042,214.5251,
268.042,215.5255,
268.042,216.5258,
268.042,217.5262,
268.042,218.5266,
268.042,219.5269,
268.042,220.5273,
268.042,221.5276,
268.042,222.528,
268.042,223.5284,
268.042,224.5287,
268.042,225.5291,
268.042,226.5294,
268.042,227.5298,
268.042,228.5302,
268.042,229.5305,
268.042,230.5309,
268.042,231.5312,
268.042,232.5316,
268.042,233.532,
268.042,234.5323,
268.042,235.5327,
268.042,236.533,
268.042,237.5334,
268.042,238.5338,
268.042,239.5341,
268.042,240.5345,
268.042,241.5348,
268.042,242.5352,
268.042,243.5356,
268.042,244.5359,
268.042,245.5363,
268.042,246.5366,
268.042,247.537,
268.042,248.5374,
268.042,249.5377,
268.042,250.5381,
268.042,251.5384,
268.042,252.5388,
268.042,253.5392,
268.042,254.5395,
268.042,255.5399,
268.042,256.5402,
268.042,257.5406,
268.042,258.541,
268.042,259.5413,
268.042,260.5417,
268.042,261.542,
268.042,262.5424,
268.042,263.5428,
268.042,264.5431,
268.042,265.5435,
268.042,266.5438,
268.042,267.5442,
268.042,268.5446,
268.042,269.5449,
268.042,270.5453,
268.042,271.5456,
268.042,272.546,
268.042,273.5464,
268.042,274.5467,
268.042,275.5471,
268.042,276.5474,
268.042,277.5478,
268.042,278.5482,
268.042,279.5485,
268.042,280.5489,
268.042,281.5492,
268.042,282.5496,
268.042,283.55,
268.042,284.5503,
268.042,285.5507,
268.042,286.551,
268.042,287.5514,
268.042,288.5518,
268.042,289.5521,
268.042,290.5525,
268.042,291.5528,
268.042,292.5532,
268.042,293.5536,
268.042,294.5539,
268.042,295.5543,
268.042,296.5546,
268.042,297.555,
268.042,298.5554,
268.042,299.5557,
268.042,300.5561,
268.042,301.5564,
268.042,302.5568,
268.042,303.5572,
268.042,304.5575,
268.042,305.5579,
268.042,306.5582,
268.042,307.5586,
268.042,308.559,
268.042,309.5593,
268.042,310.5597,
268.042,311.56,
268.042,312.5604,
268.042,313.5608,
268.042,314.5611,
268.042,315.5615,
268.042,316.5618,
268.042,317.5622,
268.042,318.5626,
268.042,319.5629,
268.042,320.5633,
268.042,321.5636,
268.042,322.564,
268.042,323.5644,
268.042,324.5647,
268.042,325.5651,
268.042,326.5654,
268.042,327.5658,
268.042,328.5662,
268.042,329.5665,
268.042,330.5669,
268.042,331.5672,
268.042,332.5676,
268.042,333.568,
268.042,334.5683,
268.042,335.5687,
268.042,336.569,
268.042,337.5694,
268.042,338.5698,
268.042,339.5701,
268.042,340.5705,
268.042,341.5708,
268.042,342.5712,
268.042,343.5716,
268.042,344.5719,
268.042,345.5723,
268.042,346.5726,
268.042,347.573,
268.042,348.5734,
268.042,349.5737,
268.042,350.5741,
268.042,351.5744,
268.042,352.5748,
268.042,353.5752,
268.042,354.5755,
268.042,355.5759,
268.042,356.5762,
268.042,357.5766,
268.042,358.577,
268.042,359.5773,
268.042,360.5777,
268.042,361.578,
268.042,362.5784,
268.042,363.5788,
268.042,364.5791,
268.042,365.5795,
268.042,366.5798,
268.042,367.5802,
268.042,368.5806,
268.042,369.5809,
268.042,370.5813,
268.042,371.5816,
268.042,372.582,
268.042,373.5824,
268.042,374.5827,
268.042,375.5831,
268.042,376.5834,
268.042,377.5838,
268.042,378.5842,
268.042,379.5845,
268.042,380.5849,
268.042,381.5852,
268.042,382.5856,
268.042,383.586,
268.042,384.5863,
268.042,385.5867,
268.042,386.587,
268.042,387.5874,
268.042,388.5878,
268.042,389.5881,
268.042,390.5885,
268.042,391.5888,
268.042,392.5892,
268.042,393.5896,
268.042,394.5899,
268.042,395.5903,
268.042,396.5906,
268.042,397.591,
268.042,398.5914,
268.042,399.5917,
268.042,400.5921,
268.042,401.5924,
268.042,402.5928,
268.042,403.5932,
268.042,404.5935,
268.042,405.5939,
268.042,406.5942,
268.042,407.5946,
268.042,408.595,
268.042,409.5953,
268.042,410.5957,
268.042,411.596,
268.042,412.5964,
268.042,413.5968,
268.042,414.5971,
268.042,415.5975,
268.042,416.5978,
268.042,417.5982,
268.042,418.5986,
268.042,419.5989,
268.042,420.5993,
268.042,421.5996,
268.042,422.6,turn
268.042,422.6,
267.0417,422.6,
266.0414,422.6,
265.0411,422.6,
264.0408,422.6,
263.0404,422.6,
262.0401,422.6,
261.0398,422.6,
260.0395,422.6,
259.0392,422.6,
258.0389,422.6,
257.0386,422.6,
256.0383,422.6,
255.038,422.6,
254.0376,422.6,
253.0373,422.6,
252.037,422.6,
251.0367,422.6,
250.0364,422.6,
249.0361,422.6,
248.0358,422.6,
247.0355,422.6,
246.0352,422.6,
245.0348,422.6,
244.0345,422.6,
243.0342,422.6,
242.0339,422.6,
241.0336,422.6,
240.0333,422.6,
239.033,422.6,
238.0327,422.6,
237.0324,422.6,
236.032,422.6,
235.0317,422.6,
234.0314,422.6,
233.0311,422.6,
232.0308,422.6,
231.0305,422.6,
230.0302,422.6,
229.0299,422.6,
228.0296,422.6,
227.0292,422.6,
226.0289,422.6,
225.0286,422.6,
224.0283,422.6,
223.028,422.6,
222.0277,422.6,
221.0274,422.6,
220.0271,422.6,
219.0268,422.6,
218.0264,422.6,
217.0261,422.6,
216.0258,422.6,
215.0255,422.6,
214.0252,422.6,
213.0249,422.6,
212.0246,422.6,
211.0243,422.6,
210.024,422.6,
209.0236,422.6,
208.0233,422.6,
207.023,422.6,
206.0227,422.6,
205.0224,422.6,
204.0221,422.6,
203.0218,422.6,
202.0215,422.6,
201.0212,422.6,
200.0208,422.6,
199.0205,422.6,
198.0202,422.6,
197.0199,422.6,
196.0196,422.6,
195.0193,422.6,
194.019,422.6,
193.0187,422.6,
192.0184,422.6,
191.018,422.6,
190.0177,422.6,
189.0174,422.6,
188.0171,422.6,
187.0168,422.6,
186.0165,422.6,
185.0162,422.6,
184.0159,422.6,
183.0156,422.6,
182.0152,422.6,
181.0149,422.6,
180.0146,422.6,
179.0143,422.6,
178.014,422.6,
177.0137,422.6,
176.0134,422.6,
175.0131,422.6,
174.0128,422.6,
173.0124,422.6,
172.0121,422.6,
171.0118,422.6,
170.0115,422.6,
169.0112,422.6,
168.0109,422.6,
167.0106,422.6,
166.0103,422.6,
165.01,422.6,
164.0096,422.6,
163.0093,422.6,
162.009,422.6,
161.0087,422.6,
160.0084,422.6,
159.0081,422.6,
158.0078,422.6,
157.0075,422.6,
156.0072,422.6,
155.0068,422.6,
154.0065,422.6,
153.0062,422.6,
152.0059,422.6,
151.0056,422.6,
150.0053,422.6,
149.005,422.6,
148.0047,422.6,
147.0044,422.6,
146.004,422.6,
145.0037,422.6,
144.0034,422.6,
143.0031,422.6,
142.0028,422.6,
141.0025,422.6,
140.0022,422.6,
139.0019,422.6,
138.0016,422.6,
137.0012,422.6,
136.0009,422.6,
135.0006,422.6,
134.0003,422.6,
133.0,422.6,turn
133.0,422.6,
133.0,421.5991,
133.0,420.5983,
133.0,419.5974,
133.0,418.5966,
133.0,417.5957,
133.0,416.5949,
133.0,415.594,
133.0,414.5932,
133.0,413.5923,
133.0,412.5915,
133.0,411.5906,
133.0,410.5897,
133.0,409.5889,
133.0,408.588,
133.0,407.5872,
133.0,406.5863,
133.0,405.5855,
133.0,404.5846,
133.0,403.5838,
133.0,402.5829,
133.0,401.5821,
133.0,400.5812,
133.0,399.5803,
133.0,398.5795,
133.0,397.5786,
133.0,396.5778,
133.0,395.5769,
133.0,394.5761,
133.0,393.5752,
133.0,392.5744,
133.0,391.5735,
133.0,390.5726,
133.0,389.5718,
133.0,388.5709,
133.0,387.5701,
133.0,386.5692,
133.0,385.5684,
133.0,384.5675,
133.0,383.5667,
133.0,382.5658,
133.0,381.565,
133.0,380.5641,
133.0,379.5632,
133.0,378.5624,
133.0,377.5615,
133.0,376.5607,
133.0,375.5598,
133.0,374.559,
133.0,373.5581,
133.0,372.5573,
133.0,371.5564,
133.0,370.5556,
133.0,369.5547,
133.0,368.5538,
133.0,367.553,
133.0,366.5521,
133.0,365.5513,
133.0,364.5504,
133.0,363.5496,
133.0,362.5487,
133.0,361.5479,
133.0,360.547,
133.0,359.5462,
133.0,358.5453,
133.0,357.5444,
133.0,356.5436,
133.0,355.5427,
133.0,354.5419,
133.0,353.541,
133.0,352.5402,
133.0,351.5393,
133.0,350.5385,
133.0,349.5376,
133.0,348.5368,
133.0,347.5359,
133.0,346.535,
133.0,345.5342,
133.0,344.5333,
133.0,343.5325,
133.0,342.5316,
133.0,341.5308,
133.0,340.5299,
133.0,339.5291,
133.0,338.5282,
133.0,337.5274,
133.0,336.5265,
133.0,335.5256,
133.0,334.5248,
133.0,333.5239,
133.0,332.5231,
133.0,331.5222,
133.0,330.5214,
133.0,329.5205,
133.0,328.5197,
133.0,327.5188,
133.0,326.5179,
133.0,325.5171,
133.0,324.5162,
133.0,323.5154,
133.0,322.5145,
133.0,321.5137,
133.0,320.5128,
133.0,319.512,
133.0,318.5111,
133.0,317.5103,
133.0,316.5094,
133.0,315.5085,
133.0,314.5077,
133.0,313.5068,
133.0,312.506,
133.0,311.5051,
133.0,310.5043,
133.0,309.5034,
133.0,308.5026,
133.0,307.5017,
133.0,306.5009,
133.0,305.5,turn
133.0,305.5,
134.0019,305.5,
135.0037,305.5,
136.0056,305.5,
137.0075,305.5,
138.0094,305.5,
139.0112,305.5,
140.0131,305.5,
141.015,305.5,
142.0168,305.5,
143.0187,305.5,
144.0206,305.5,
145.0225,305.5,
146.0243,305.5,
147.0262,305.5,
148.0281,305.5,
149.0299,305.5,
150.0318,305.5,
151.0337,305.5,
152.0356,305.5,
153.0374,305.5,
154.0393,305.5,
155.0412,305.5,
156.0431,305.5,
157.0449,305.5,
158.0468,305.5,
159.0487,305.5,
160.0505,305.5,
161.0524,305.5,
162.0543,305.5,
163.0562,305.5,
164.058,305.5,
165.0599,305.5,
166.0618,305.5,
167.0636,305.5,
168.0655,305.5,
169.0674,305.5,
170.0693,305.5,
171.0711,305.5,
172.073,305.5,
173.0749,305.5,
174.0767,305.5,
175.0786,305.5,
176.0805,305.5,
177.0824,305.5,
178.0842,305.5,
179.0861,305.5,
180.088,305.5,
181.0898,305.5,
182.0917,305.5,
183.0936,305.5,
184.0955,305.5,
185.0973,305.5,
186.0992,305.5,
187.1011,305.5,
188.1029,305.5,
189.1048,305.5,
190.1067,305.5,
191.1086,305.5,
192.1104,305.5,
193.1123,305.5,
194.1142,305.5,
195.1161,305.5,
196.1179,305.5,
197.1198,305.5,
198.1217,305.5,
199.1235,305.5,
200.1254,305.5,
201.1273,305.5,
202.1292,305.5,
203.131,305.5,
204.1329,305.5,
205.1348,305.5,
206.1366,305.5,
207.1385,305.5,
208.1404,305.5,
209.1423,305.5,
210.1441,305.5,
211.146,305.5,
212.1479,305.5,
213.1497,305.5,
214.1516,305.5,
215.1535,305.5,
216.1554,305.5,
217.1572,305.5,
218.1591,305.5,
219.161,305.5,
220.1628,305.5,
221.1647,305.5,
222.1666,305.5,
223.1685,305.5,
224.1703,305.5,
225.1722,305.5,
226.1741,305.5,
227.1759,305.5,
228.1778,305.5,
229.1797,305.5,
230.1816,305.5,
231.1834,305.5,
232.1853,305.5,
233.1872,305.5,
234.1891,305.5,
235.1909,305.5,
236.1928,305.5,
237.1947,305.5,
238.1965,305.5,
239.1984,305.5,
240.2003,305.5,
241.2022,305.5,
242.204,305.5,
243.2059,305.5,
244.2078,305.5,
245.2096,305.5,
246.2115,305.5,
247.2134,305.5,
248.2153,305.5,
249.2171,305.5,
250.219,305.5,
251.2209,305.5,
252.2227,305.5,
253.2246,305.5,
254.2265,305.5,
255.2284,305.5,
256.2302,305.5,
257.2321,305.5,
258.234,305.5,
259.2358,305.5,
260.2377,305.5,
261.2396,305.5,
262.2415,305.5,
263.2433,305.5,
264.2452,305.5,
265.2471,305.5,
266.2489,305.5,
267.2508,305.5,
268.2527,305.5,
269.2546,305.5,
270.2564,305.5,
271.2583,305.5,
272.2602,305.5,
273.2621,305.5,
274.2639,305.5,
275.2658,305.5,
276.2677,305.5,
277.2695,305.5,
278.2714,305.5,
279.2733,305.5,
280.2752,305.5,
281.277,305.5,
282.2789,305.5,
283.2808,305.5,
284.2826,305.5,
285.2845,305.5,
286.2864,305.5,
287.2883,305.5,
288.2901,305.5,
289.292,305.5,
290.2939,305.5,
291.2957,305.5,
292.2976,305.5,
293.2995,305.5,
294.3014,305.5,
295.3032,305.5,
296.3051,305.5,
297.307,305.5,
298.3088,305.5,
299.3107,305.5,
300.3126,305.5,
301.3145,305.5,
302.3163,305.5,
303.3182,305.5,
304.3201,305.5,
305.3219,305.5,
306.3238,305.5,
307.3257,305.5,
308.3276,305.5,
309.3294,305.5,
310.3313,305.5,
311.3332,305.5,
312.3351,305.5,
313.3369,305.5,
314.3388,305.5,
315.3407,305.5,
316.3425,305.5,
317.3444,305.5,
318.3463,305.5,
319.3482,305.5,
320.35,305.5,
321.3519,305.5,
322.3538,305.5,
323.3556,305.5,
324.3575,305.5,
325.3594,305.5,
326.3613,305.5,
327.3631,305.5,
328.365,305.5,
329.3669,305.5,
330.3687,305.5,
331.3706,305.5,
332.3725,305.5,
333.3744,305.5,
334.3762,305.5,
335.3781,305.5,
336.38,305.5,
337.3818,305.5,
338.3837,305.5,
339.3856,305.5,
340.3875,305.5,
341.3893,305.5,
342.3912,305.5,
343.3931,305.5,
344.3949,305.5,
345.3968,305.5,
346.3987,305.5,
347.4006,305.5,
348.4024,305.5,
349.4043,305.5,
350.4062,305.5,
351.4081,305.5,
352.4099,305.5,
353.4118,305.5,
354.4137,305.5,
355.4155,305.5,
356.4174,305.5,
357.4193,305.5,
358.4212,305.5,
359.423,305.5,
360.4249,305.5,
361.4268,305.5,
362.4286,305.5,
363.4305,305.5,
364.4324,305.5,
365.4343,305.5,
366.4361,305.5,
367.438,305.5,
368.4399,305.5,
369.4417,305.5,
370.4436,305.5,
371.4455,305.5,
372.4474,305.5,
373.4492,305.5,
374.4511,305.5,
375.453,305.5,
376.4548,305.5,
377.4567,305.5,
378.4586,305.5,
379.4605,305.5,
380.4623,305.5,
381.4642,305.5,
382.4661,305.5,
383.4679,305.5,
384.4698,305.5,
385.4717,305.5,
386.4736,305.5,
387.4754,305.5,
388.4773,305.5,
389.4792,305.5,
390.4811,305.5,
391.4829,305.5,
392.4848,305.5,
393.4867,305.5,
394.4885,305.5,
395.4904,305.5,
396.4923,305.5,
397.4942,305.5,
398.496,305.5,
399.4979,305.5,
400.4998,305.5,
401.5016,305.5,
402.5035,305.5,
403.5054,305.5,
404.5073,305.5,
405.5091,305.5,
406.511,305.5,
407.5129,305.5,
408.5147,305.5,
409.5166,305.5,
410.5185,305.5,
411.5204,305.5,
412.5222,305.5,
413.5241,305.5,
414.526,305.5,
415.5278,305.5,
416.5297,305.5,
417.5316,305.5,
418.5335,305.5,
419.5353,305.5,
420.5372,305.5,
421.5391,305.5,
422.5409,305.5,
423.5428,305.5,
424.5447,305.5,
425.5466,305.5,
426.5484,305.5,
427.5503,305.5,
428.5522,305.5,
429.5541,305.5,
430.5559,305.5,
431.5578,305.5,
432.5597,305.5,
433.5615,305.5,
434.5634,305.5,
435.5653,305.5,
436.5672,305.5,
437.569,305.5,
438.5709,305.5,
439.5728,305.5,
440.5746,305.5,
441.5765,305.5,
442.5784,305.5,
443.5803,305.5,
444.5821,305.5,
445.584,305.5,
446.5859,305.5,
447.5877,305.5,
448.5896,305.5,
449.5915,305.5,
450.5934,305.5,
451.5952,305.5,
452.5971,305.5,
453.599,305.5,
454.6008,305.5,
455.6027,305.5,
456.6046,305.5,
457.6065,305.5,
458.6083,305.5,
459.6102,305.5,
460.6121,305.5,
461.6139,305.5,
462.6158,305.5,
463.6177,305.5,
464.6196,305.5,
465.6214,305.5,
466.6233,305.5,
467.6252,305.5,
468.6271,305.5,
469.6289,305.5,
470.6308,305.5,
471.6327,305.5,
472.6345,305.5,
473.6364,305.5,
474.6383,305.5,
475.6402,305.5,
476.642,305.5,
477.6439,305.5,
478.6458,305.5,
479.6476,305.5,
480.6495,305.5,
481.6514,305.5,
482.6533,305.5,
483.6551,305.5,
484.657,305.5,
485.6589,305.5,
486.6607,305.5,
487.6626,305.5,
488.6645,305.5,
489.6664,305.5,
490.6682,305.5,
491.6701,305.5,
492.672,305.5,
493.6738,305.5,
494.6757,305.5,
495.6776,305.5,
496.6795,305.5,
497.6813,305.5,
498.6832,305.5,
499.6851,305.5,
500.6869,305.5,
501.6888,305.5,
502.6907,305.5,
503.6926,305.5,
504.6944,305.5,
505.6963,305.5,
506.6982,305.5,
507.7001,305.5,
508.7019,305.5,
509.7038,305.5,
510.7057,305.5,
511.7075,305.5,
512.7094,305.5,
513.7113,305.5,
514.7132,305.5,
515.715,305.5,
516.7169,305.5,
517.7188,305.5,
518.7206,305.5,
519.7225,305.5,
520.7244,305.5,
521.7263,305.5,
522.7281,305.5,
523.73,305.5,turn
523.73,305.5,
523.73,304.4928,
523.73,303.4855,
523.73,302.4783,
523.73,301.471,
523.73,300.4638,
523.73,299.4566,
523.73,298.4493,
523.73,297.4421,
523.73,296.4349,
523.73,295.4276,
523.73,294.4204,
523.73,293.4131,
523.73,292.4059,
523.73,291.3987,
523.73,290.3914,
523.73,289.3842,
523.73,288.377,
523.73,287.3697,
523.73,286.3625,
523.73,285.3552,
523.73,284.348,
523.73,283.3408,
523.73,282.3335,
523.73,281.3263,
523.73,280.319,
523.73,279.3118,
523.73,278.3046,
523.73,277.2973,
523.73,276.2901,
523.73,275.2829,
523.73,274.2756,
523.73,273.2684,
523.73,272.2611,
523.73,271.2539,
523.73,270.2467,
523.73,269.2394,
523.73,268.2322,
523.73,267.225,
523.73,266.2177,
523.73,265.2105,
523.73,264.2032,
523.73,263.196,
523.73,262.1888,
523.73,261.1815,
523.73,260.1743,
523.73,259.167,
523.73,258.1598,
523.73,257.1526,
523.73,256.1453,
523.73,255.1381,
523.73,254.1309,
523.73,253.1236,
523.73,252.1164,
523.73,251.1091,
523.73,250.1019,
523.73,249.0947,
523.73,248.0874,
523.73,247.0802,
523.73,246.073,
523.73,245.0657,
523.73,244.0585,
523.73,243.0512,
523.73,242.044,
523.73,241.0368,
523.73,240.0295,
523.73,239.0223,
523.73,238.015,
523.73,237.0078,
523.73,236.0006,
523.73,234.9933,
523.73,233.9861,
523.73,232.9789,
523.73,231.9716,
523.73,230.9644,
523.73,229.9571,
523.73,228.9499,
523.73,227.9427,
523.73,226.9354,
523.73,225.9282,
523.73,224.921,
523.73,223.9137,
523.73,222.9065,
523.73,221.8992,
523.73,220.892,
523.73,219.8848,
523.73,218.8775,
523.73,217.8703,
523.73,216.863,
523.73,215.8558,
523.73,214.8486,
523.73,213.8413,
523.73,212.8341,
523.73,211.8269,
523.73,210.8196,
523.73,209.8124,
523.73,208.8051,
523.73,207.7979,
523.73,206.7907,
523.73,205.7834,
523.73,204.7762,
523.73,203.769,
523.73,202.7617,
523.73,201.7545,
523.73,200.7472,
523.73,199.74,
523.73,198.7328,
523.73,197.7255,
523.73,196.7183,
523.73,195.711,
523.73,194.7038,
523.73,193.6966,
523.73,192.6893,
523.73,191.6821,
523.73,190.6749,
523.73,189.6676,
523.73,188.6604,
523.73,187.6531,
523.73,186.6459,
523.73,185.6387,
523.73,184.6314,
523.73,183.6242,
523.73,182.617,
523.73,181.6097,
523.73,180.6025,
523.73,179.5952,
523.73,178.588,turn
523.73,178.588,
524.7362,178.588,
525.7424,178.588,
526.7487,178.588,
527.7549,178.588,
528.7611,178.588,
529.7673,178.588,
530.7736,178.588,
531.7798,178.588,
532.786,178.588,
533.7922,178.588,
534.7985,178.588,
535.8047,178.588,
536.8109,178.588,
537.8171,178.588,
538.8234,178.588,
539.8296,178.588,
540.8358,178.588,
541.842,178.588,
542.8483,178.588,
543.8545,178.588,
544.8607,178.588,
545.8669,178.588,
546.8732,178.588,
547.8794,178.588,
548.8856,178.588,
549.8918,178.588,
550.8981,178.588,
551.9043,178.588,
552.9105,178.588,
553.9167,178.588,
554.923,178.588,
555.9292,178.588,
556.9354,178.588,
557.9416,178.588,
558.9479,178.588,
559.9541,178.588,
560.9603,178.588,
561.9665,178.588,
562.9728,178.588,
563.979,178.588,
564.9852,178.588,
565.9914,178.588,
566.9977,178.588,
568.0039,178.588,
569.0101,178.588,
570.0163,178.588,
571.0226,178.588,
572.0288,178.588,
573.035,178.588,
574.0412,178.588,
575.0474,178.588,
576.0537,178.588,
577.0599,178.588,
578.0661,178.588,
579.0723,178.588,
580.0786,178.588,
581.0848,178.588,
582.091,178.588,
583.0972,178.588,
584.1035,178.588,
585.1097,178.588,
586.1159,178.588,
587.1221,178.588,
588.1284,178.588,
589.1346,178.588,
590.1408,178.588,
591.147,178.588,
592.1533,178.588,
593.1595,178.588,
594.1657,178.588,
595.1719,178.588,
596.1782,178.588,
597.1844,178.588,
598.1906,178.588,
599.1968,178.588,
600.2031,178.588,
601.2093,178.588,
602.2155,178.588,
603.2217,178.588,
604.228,178.588,
605.2342,178.588,
606.2404,178.588,
607.2466,178.588,
608.2529,178.588,
609.2591,178.588,
610.2653,178.588,
611.2715,178.588,
612.2778,178.588,
613.284,178.588,
614.2902,178.588,
615.2964,178.588,
616.3027,178.588,
617.3089,178.588,
618.3151,178.588,
619.3213,178.588,
620.3276,178.588,
621.3338,178.588,
622.34,178.588,turn
622.34,178.588,
622.34,179.5918,
622.34,180.5956,
622.34,181.5994,
622.34,182.6033,
622.34,183.6071,
622.34,184.6109,
622.34,185.6147,
622.34,186.6185,
622.34,187.6223,
622.34,188.6261,
622.34,189.63,
622.34,190.6338,
622.34,191.6376,
622.34,192.6414,
622.34,193.6452,
622.34,194.649,
622.34,195.6528,
622.34,196.6566,
622.34,197.6605,
622.34,198.6643,
622.34,199.6681,
622.34,200.6719,
622.34,201.6757,
622.34,202.6795,
622.34,203.6833,
622.34,204.6872,
622.34,205.691,
622.34,206.6948,
622.34,207.6986,
622.34,208.7024,
622.34,209.7062,
622.34,210.71,
622.34,211.7139,
622.34,212.7177,
622.34,213.7215,
622.34,214.7253,
622.34,215.7291,
622.34,216.7329,
622.34,217.7367,
622.34,218.7405,
622.34,219.7444,
622.34,220.7482,
622.34,221.752,
622.34,222.7558,
622.34,223.7596,
622.34,224.7634,
622.34,225.7672,
622.34,226.7711,
622.34,227.7749,
622.34,228.7787,
622.34,229.7825,
622.34,230.7863,
622.34,231.7901,
622.34,232.7939,
622.34,233.7978,
622.34,234.8016,
622.34,235.8054,
622.34,236.8092,
622.34,237.813,
622.34,238.8168,
622.34,239.8206,
622.34,240.8245,
622.34,241.8283,
622.34,242.8321,
622.34,243.8359,
622.34,244.8397,
622.34,245.8435,
622.34,246.8473,
622.34,247.8511,
622.34,248.855,
622.34,249.8588,
622.34,250.8626,
622.34,251.8664,
622.34,252.8702,
622.34,253.874,
622.34,254.8778,
622.34,255.8817,
622.34,256.8855,
622.34,257.8893,
622.34,258.8931,
622.34,259.8969,
622.34,260.9007,
622.34,261.9045,
622.34,262.9084,
622.34,263.9122,
622.34,264.916,
622.34,265.9198,
622.34,266.9236,
622.34,267.9274,
622.34,268.9312,
622.34,269.935,
622.34,270.9389,
622.34,271.9427,
622.34,272.9465,
622.34,273.9503,
622.34,274.9541,
622.34,275.9579,
622.34,276.9617,
622.34,277.9656,
622.34,278.9694,
622.34,279.9732,
622.34,280.977,
622.34,281.9808,
622.34,282.9846,
622.34,283.9884,
622.34,284.9923,
622.34,285.9961,
622.34,286.9999,
622.34,288.0037,
622.34,289.0075,
622.34,290.0113,
622.34,291.0151,
622.34,292.019,
622.34,293.0228,
622.34,294.0266,
622.34,295.0304,
622.34,296.0342,
622.34,297.038,
622.34,298.0418,
622.34,299.0456,
622.34,300.0495,
622.34,301.0533,
622.34,302.0571,
622.34,303.0609,
622.34,304.0647,
622.34,305.0685,
622.34,306.0723,
622.34,307.0762,
622.34,308.08,
622.34,309.0838,
622.34,310.0876,
622.34,311.0914,
622.34,312.0952,
622.34,313.099,
622.34,314.1029,
622.34,315.1067,
622.34,316.1105,
622.34,317.1143,
622.34,318.1181,
622.34,319.1219,
622.34,320.1257,
622.34,321.1295,
622.34,322.1334,
622.34,323.1372,
622.34,324.141,
622.34,325.1448,
622.34,326.1486,
622.34,327.1524,
622.34,328.1562,
622.34,329.1601,
622.34,330.1639,
622.34,331.1677,
622.34,332.1715,
622.34,333.1753,
622.34,334.1791,
622.34,335.1829,
622.34,336.1868,
622.34,337.1906,
622.34,338.1944,
622.34,339.1982,
622.34,340.202,
622.34,341.2058,
622.34,342.2096,
622.34,343.2135,
622.34,344.2173,
622.34,345.2211,
622.34,346.2249,
622.34,347.2287,
622.34,348.2325,
622.34,349.2363,
622.34,350.2401,
622.34,351.244,
622.34,352.2478,
622.34,353.2516,
622.34,354.2554,
622.34,355.2592,
622.34,356.263,
622.34,357.2668,
622.34,358.2707,
622.34,359.2745,
622.34,360.2783,
622.34,361.2821,
622.34,362.2859,
622.34,363.2897,
622.34,364.2935,
622.34,365.2974,
622.34,366.3012,
622.34,367.305,
622.34,368.3088,
622.34,369.3126,
622.34,370.3164,
622.34,371.3202,
622.34,372.324,
622.34,373.3279,
622.34,374.3317,
622.34,375.3355,
622.34,376.3393,
622.34,377.3431,
622.34,378.3469,
622.34,379.3507,
622.34,380.3546,
622.34,381.3584,
622.34,382.3622,
622.34,383.366,turn
622.34,383.366,
621.3375,383.366,
620.3349,383.366,
619.3324,383.366,
618.3298,383.366,
617.3273,383.366,
616.3247,383.366,
615.3222,383.366,
614.3196,383.366,
613.3171,383.366,
612.3145,383.366,
611.312,383.366,
610.3094,383.366,
609.3069,383.366,
608.3043,383.366,
607.3018,383.366,
606.2992,383.366,
605.2967,383.366,
604.2941,383.366,
603.2916,383.366,
602.289,383.366,
601.2865,383.366,
600.2839,383.366,
599.2814,383.366,
598.2788,383.366,
597.2763,383.366,
596.2737,383.366,
595.2712,383.366,
594.2686,383.366,
593.2661,383.366,
592.2635,383.366,
591.261,383.366,
590.2584,383.366,
589.2559,383.366,
588.2533,383.366,
587.2508,383.366,
586.2482,383.366,
585.2457,383.366,
584.2431,383.366,
583.2406,383.366,
582.238,383.366,
581.2355,383.366,
580.2329,383.366,
579.2304,383.366,
578.2278,383.366,
577.2253,383.366,
576.2227,383.366,
575.2202,383.366,
574.2176,383.366,
573.2151,383.366,
572.2125,383.366,
571.21,383.366,
570.2074,383.366,
569.2049,383.366,
568.2023,383.366,
567.1998,383.366,
566.1972,383.366,
565.1947,383.366,
564.1921,383.366,
563.1896,383.366,
562.187,383.366,
561.1845,383.366,
560.1819,383.366,
559.1794,383.366,
558.1768,383.366,
557.1743,383.366,
556.1717,383.366,
555.1692,383.366,
554.1666,383.366,
553.1641,383.366,
552.1615,383.366,
551.159,383.366,
550.1564,383.366,
549.1539,383.366,
548.1513,383.366,
547.1488,383.366,
546.1462,383.366,
545.1437,383.366,
544.1411,383.366,
543.1386,383.366,
542.136,383.366,
541.1335,383.366,
540.1309,383.366,
539.1284,383.366,
538.1258,383.366,
537.1233,383.366,
536.1207,383.366,
535.1182,383.366,
534.1156,383.366,
533.1131,383.366,
532.1105,383.366,
531.108,383.366,
530.1054,383.366,
529.1029,383.366,
528.1003,383.366,
527.0978,383.366,
526.0952,383.366,
525.0927,383.366,
524.0901,383.366,
523.0876,383.366,
522.085,383.366,
521.0825,383.366,
520.0799,383.366,
519.0774,383.366,
518.0748,383.366,
517.0723,383.366,
516.0697,383.366,
515.0672,383.366,
514.0646,383.366,
513.0621,383.366,
512.0595,383.366,
511.057,383.366,
510.0544,383.366,
509.0519,383.366,
508.0493,383.366,
507.0468,383.366,
506.0442,383.366,
505.0417,383.366,
504.0391,383.366,
503.0366,383.366,
502.034,383.366,
501.0315,383.366,
500.0289,383.366,
499.0264,383.366,
498.0238,383.366,
497.0213,383.366,
496.0187,383.366,
495.0162,383.366,
494.0136,383.366,
493.0111,383.366,
492.0085,383.366,
491.006,383.366,
490.0034,383.366,
489.0009,383.366,
487.9983,383.366,
486.9958,383.366,
485.9932,383.366,
484.9907,383.366,
483.9881,383.366,
482.9856,383.366,
481.983,383.366,
480.9805,383.366,
479.9779,383.366,
478.9754,383.366,
477.9728,383.366,
476.9703,383.366,
475.9677,383.366,
474.9652,383.366,
473.9626,383.366,
472.9601,383.366,
471.9575,383.366,
470.955,383.366,
469.9524,383.366,
468.9499,383.366,
467.9473,383.366,
466.9448,383.366,
465.9422,383.366,
464.9397,383.366,
463.9371,383.366,
462.9346,383.366,
461.932,383.366,
460.9295,383.366,
459.9269,383.366,
458.9244,383.366,
457.9218,383.366,
456.9193,383.366,
455.9167,383.366,
454.9142,383.366,
453.9116,383.366,
452.9091,383.366,
451.9065,383.366,
450.904,383.366,
449.9014,383.366,
448.8989,383.366,
447.8963,383.366,
446.8938,383.366,
445.8912,383.366,
444.8887,383.366,
443.8861,383.366,
442.8836,383.366,
441.881,383.366,
440.8785,383.366,
439.8759,383.366,
438.8734,383.366,
437.8708,383.366,
436.8683,383.366,
435.8657,383.366,
434.8632,383.366,
433.8606,383.366,
432.8581,383.366,
431.8555,383.366,
430.853,383.366,
429.8504,383.366,
428.8479,383.366,
427.8453,383.366,
426.8428,383.366,
425.8402,383.366,
424.8377,383.366,
423.8351,383.366,
422.8326,383.366,
421.83,383.366,
420.8275,383.366,
419.8249,383.366,
418.8224,383.366,
417.8198,383.366,
416.8173,383.366,
415.8147,383.366,
414.8122,383.366,
413.8096,383.366,
412.8071,383.366,
411.8045,383.366,
410.802,383.366,
409.7994,383.366,
408.7969,383.366,
407.7943,383.366,
406.7918,383.366,
405.7892,383.366,
404.7867,383.366,
403.7841,383.366,
402.7816,383.366,
401.779,383.366,
400.7765,383.366,
399.7739,383.366,
398.7714,383.366,
397.7688,383.366,
396.7663,383.366,
395.7637,383.366,
394.7612,383.366,
393.7586,383.366,
392.7561,383.366,
391.7535,383.366,
390.751,383.366,
389.7484,383.366,
388.7459,383.366,
387.7433,383.366,
386.7408,383.366,
385.7382,383.366,
384.7357,383.366,
383.7331,383.366,
382.7306,383.366,
381.728,383.366,
380.7255,383.366,
379.7229,383.366,
378.7204,383.366,
377.7178,383.366,
376.7153,383.366,
375.7127,383.366,
374.7102,383.366,
373.7076,383.366,
372.7051,383.366,
371.7025,383.366,
370.7,383.366,turn
370.7,383.366,
370.7,384.3694,
370.7,385.3727,
370.7,386.3761,
370.7,387.3795,
370.7,388.3828,
370.7,389.3862,
370.7,390.3896,
370.7,391.3929,
370.7,392.3963,
370.7,393.3996,
370.7,394.403,
370.7,395.4064,
370.7,396.4097,
370.7,397.4131,
370.7,398.4165,
370.7,399.4198,
370.7,400.4232,
370.7,401.4266,
370.7,402.4299,
370.7,403.4333,
370.7,404.4367,
370.7,405.44,
370.7,406.4434,
370.7,407.4467,
370.7,408.4501,
370.7,409.4535,
370.7,410.4568,
370.7,411.4602,
370.7,412.4636,
370.7,413.4669,
370.7,414.4703,
370.7,415.4737,
370.7,416.477,
370.7,417.4804,
370.7,418.4838,
370.7,419.4871,
370.7,420.4905,
370.7,421.4938,
370.7,422.4972,
370.7,423.5006,
370.7,424.5039,
370.7,425.5073,
370.7,426.5107,
370.7,427.514,
370.7,428.5174,
370.7,429.5208,
370.7,430.5241,
370.7,431.5275,
370.7,432.5309,
370.7,433.5342,
370.7,434.5376,
370.7,435.5409,
370.7,436.5443,
370.7,437.5477,
370.7,438.551,
370.7,439.5544,
370.7,440.5578,
370.7,441.5611,
370.7,442.5645,
370.7,443.5679,
370.7,444.5712,
370.7,445.5746,
370.7,446.578,
370.7,447.5813,
370.7,448.5847,
370.7,449.588,
370.7,450.5914,
370.7,451.5948,
370.7,452.5981,
370.7,453.6015,
370.7,454.6049,
370.7,455.6082,
370.7,456.6116,
370.7,457.615,
370.7,458.6183,
370.7,459.6217,
370.7,460.6251,
370.7,461.6284,
370.7,462.6318,
370.7,463.6351,
370.7,464.6385,
370.7,465.6419,
370.7,466.6452,
370.7,467.6486,
370.7,468.652,
370.7,469.6553,
370.7,470.6587,
370.7,471.6621,
370.7,472.6654,
370.7,473.6688,
370.7,474.6722,
370.7,475.6755,
370.7,476.6789,
370.7,477.6822,
370.7,478.6856,
370.7,479.689,
370.7,480.6923,
370.7,481.6957,
370.7,482.6991,
370.7,483.7024,
370.7,484.7058,
370.7,485.7092,
370.7,486.7125,
370.7,487.7159,
370.7,488.7193,
370.7,489.7226,
370.7,490.726,
370.7,491.7293,
370.7,492.7327,
370.7,493.7361,
370.7,494.7394,
370.7,495.7428,
370.7,496.7462,
370.7,497.7495,
370.7,498.7529,
370.7,499.7563,
370.7,500.7596,
370.7,501.763,
370.7,502.7664,
370.7,503.7697,
370.7,504.7731,
370.7,505.7764,
370.7,506.7798,
370.7,507.7832,
370.7,508.7865,
370.7,509.7899,
370.7,510.7933,
370.7,511.7966,
370.7,512.8,turn
