x,y,note
0,444.8707,
2.2569,444.8707,
4.514,444.8707,
6.7709,444.8707,
9.0281,444.8707,
11.285,444.8707,
13.5421,444.8707,
15.799,444.8707,
18.0561,444.8707,
20.313,444.8707,
22.5699,444.8707,
24.827,444.8707,
27.0839,444.8707,
29.3411,444.8707,
31.598,444.8707,
33.8551,444.8707,
36.112,444.8707,
38.3689,444.8707,
40.626,444.8707,
42.8829,444.8707,
45.1401,444.8707,
47.397,444.8707,
49.6541,444.8707,
51.911,444.8707,
54.1681,444.8707,
56.425,444.8707,
58.6819,444.8707,
60.939,444.8707,
63.1959,444.8707,
65.4531,444.8707,
67.71,444.8707,
69.9671,444.8707,
72.224,444.8707,
74.4811,444.8707,
76.738,444.8707,
78.9949,444.8707,
81.2521,444.8707,
83.509,444.8707,
85.7661,444.8707,
88.023,444.8707,
90.2801,444.8707,
92.537,444.8707,
94.7941,444.8707,
97.051,444.8707,
99.3079,444.8707,
101.5651,444.8707,
103.822,444.8707,
106.0791,444.8707,
108.336,444.8707,
110.5931,444.8707,
112.85,444.8707,
115.1069,444.8707,
117.3641,444.8707,
119.621,444.8707,
121.8781,444.8707,
124.135,444.8707,
126.3921,444.8707,
128.649,444.8707,
130.9061,444.8707,
133.163,444.8707,
135.4199,444.8707,
137.6771,444.8707,
139.934,444.8707,
142.1911,444.8707,
144.448,444.8707,
146.7051,444.8707,
148.962,444.8707,
151.2192,444.8707,
153.4761,444.8707,
155.733,444.8707,
157.9901,444.8707,
160.247,444.8707,
162.5041,444.8707,
164.761,444.8707,
167.0181,444.8707,
169.275,444.8707,
171.5322,444.8707,
173.7891,444.8707,
176.046,444.8707,
178.3031,444.8707,
180.56,444.8707,
182.8171,444.8707,
185.074,444.8707,
187.3312,444.8707,
189.5881,444.8707,
191.8452,444.8707,
194.1021,444.8707,
196.359,444.8707,
198.6161,444.8707,
200.873,444.8707,
203.1301,444.8707,
205.387,444.8707,
207.6442,444.8707,
209.9011,444.8707,
212.158,444.8707,
214.4151,444.8707,
216.672,444.8707,
218.9291,444.8707,
221.186,444.8707,
223.4432,444.8707,
225.7001,444.8707,
227.9572,444.8707,
230.2141,444.8707,
232.471,444.8707,
234.7281,444.8707,
236.985,444.8707,
239.2421,444.8707,
241.499,444.8707,
243.7562,444.8707,
246.0131,444.8707,
248.2702,444.8707,
250.5271,444.8707,
252.784,444.8707,
255.0411,444.8707,
257.298,444.8707,
259.5552,444.8707,
261.8121,444.8707,
264.0692,444.8707,
266.3261,444.8707,
268.5832,444.8707,
270.8401,444.8707,
273.097,444.8707,
275.3541,444.8707,
277.611,444.8707,
279.8682,444.8707,
282.1251,444.8707,
284.3822,444.8707,
286.6391,444.8707,
288.896,444.8707,
291.1531,444.8707,
293.41,444.8707,
295.6672,444.8707,
297.9241,444.8707,
300.1812,444.8707,
302.4381,444.8707,
304.6952,444.8707,
306.9521,444.8707,
309.209,444.8707,
311.4661,444.8707,
313.723,444.8707,
315.9802,444.8707,
318.2371,444.8707,
320.4942,444.8707,
322.7511,444.8707,
325.0082,444.8707,
327.2651,444.8707,
329.522,444.8707,
331.7792,444.8707,
334.0361,444.8707,
336.2932,444.8707,
338.5501,444.8707,
340.8072,444.8707,
343.0641,444.8707,
345.321,444.8707,
347.5781,444.8707,
349.835,444.8707,
352.0922,444.8707,
354.3491,444.8707,
356.6062,444.8707,
358.8631,444.8707,
361.1202,444.8707,
363.3771,444.8707,
365.634,444.8707,
367.8912,444.8707,
370.1481,444.8707,
372.4052,444.8707,
374.6621,444.8707,
376.9192,444.8707,
379.1761,444.8707,
381.4332,444.8707,
383.6901,444.8707,
385.947,444.8707,
388.2042,444.8707,
390.4611,444.8707,
392.7182,444.8707,
394.9751,444.8707,
397.2322,444.8707,
399.4891,444.8707,
401.7463,444.8707,
404.0032,444.8707,
406.2601,444.8707,
408.5172,444.8707,
410.7741,444.8707,
413.0312,444.8707,
415.2881,444.8707,
417.5452,444.8707,
419.8021,444.8707,
422.059,444.8707,
424.3162,444.8707,
426.5731,444.8707,
428.8302,444.8707,
431.0871,444.8707,
433.3442,444.8707,
435.6011,444.8707,
437.8583,444.8707,
440.1152,444.8707,
442.3721,444.8707,
444.6292,444.8707,
446.8861,444.8707,
449.1432,444.8707,
451.4001,444.8707,
453.6572,444.8707,
455.9141,444.8707,
458.1713,444.8707,
460.4282,444.8707,
462.6851,444.8707,
464.9422,444.8707,
467.1991,444.8707,
469.4562,444.8707,
471.7131,444.8707,
473.9703,444.8707,
476.2272,444.8707,
478.4843,444.8707,
480.7412,444.8707,
482.9981,444.8707,
485.2552,444.8707,
487.5121,444.8707,
489.7692,444.8707,
492.0261,444.8707,
494.2833,444.8707,
496.5402,444.8707,
498.7971,444.8707,
501.0542,444.8707,
503.3111,444.8707,
505.5682,444.8707,
507.8251,444.8707,
510.0823,444.8707,
512.3392,444.8707,
514.5963,444.8707,
516.8532,444.8707,
519.1101,444.8707,
521.3672,444.8707,
523.6241,444.8707,
525.8812,444.8707,
528.1381,444.8707,
530.3953,444.8707,
532.6522,444.8707,
534.9093,444.8707,
537.1662,444.8707,
539.4231,444.8707,
541.6802,444.8707,
543.9371,444.8707,
546.1943,444.8707,
548.4512,444.8707,
550.7083,444.8707,
552.9652,444.8707,
555.2223,444.8707,
557.4792,444.8707,
559.7361,444.8707,
561.9932,444.8707,
564.2501,444.8707,
566.5073,444.8707,
568.7642,444.8707,
571.0213,444.8707,
573.2782,444.8707,
575.5353,444.8707,
577.7922,444.8707,
580.0491,444.8707,
582.3063,444.8707,
584.5632,444.8707,
586.8203,444.8707,
589.0772,444.8707,
591.3343,444.8707,
593.5912,444.8707,
595.8481,444.8707,
598.1052,444.8707,
600.3621,444.8707,
602.6193,444.8707,
604.8762,444.8707,
607.1333,444.8707,
609.3902,444.8707,
611.6473,444.8707,
613.9042,444.8707,
616.1611,444.8707,
618.4183,444.8707,
620.6752,444.8707,
622.9323,444.8707,
625.1892,444.8707,
627.4463,444.8707,
629.7032,444.8707,
631.9603,444.8707,
634.2172,444.8707,
636.4741,444.8707,
638.7313,444.8707,
640.9882,444.8707,
643.2453,444.8707,
645.5022,444.8707,
647.7593,444.8707,
650.0162,444.8707,
652.2734,444.8707,
654.5303,444.8707,
656.7872,444.8707,
659.0443,444.8707,
661.3012,444.8707,
663.5583,444.8707,
665.8152,444.8707,
668.0723,444.8707,
670.3292,444.8707,
672.5861,444.8707,
674.8433,444.8707,
677.1002,444.8707,
679.3573,444.8707,
681.6142,444.8707,
683.8713,444.8707,
686.1282,444.8707,
688.3854,444.8707,
690.6423,444.8707,
692.8992,444.8707,
695.1563,444.8707,
697.4132,444.8707,
699.6703,444.8707,
701.9272,444.8707,
704.1843,444.8707,
706.4412,444.8707,
708.6984,444.8707,
710.9553,444.8707,
713.2122,444.8707,
715.4693,444.8707,
717.7262,444.8707,
719.9833,444.8707,
722.2402,444.8707,
724.4974,444.8707,
726.7543,444.8707,
729.0112,444.8707,
731.2683,444.8707,
733.5252,444.8707,
735.7823,444.8707,
738.0392,444.8707,
740.2963,444.8707,
742.5532,444.8707,
744.8104,444.8707,
747.0673,444.8707,
749.3242,444.8707,
751.5813,444.8707,
753.8382,444.8707,
756.0953,444.8707,
758.3522,444.8707,
760.6094,444.8707,
762.8663,444.8707,
765.1234,444.8707,
767.3803,444.8707,
769.6372,444.8707,
771.8943,444.8707,
774.1512,444.8707,
776.4083,444.8707,
778.6652,444.8707,
780.9224,444.8707,
783.1793,444.8707,
785.4364,444.8707,
787.6933,444.8707,
789.9502,444.8707,
792.2073,444.8707,
794.4642,444.8707,
796.7214,444.8707,
798.9783,444.8707,
801.2354,444.8707,
803.4923,444.8707,
805.7492,444.8707,
808.0063,444.8707,
810.2632,444.8707,
812.5203,444.8707,
814.7772,444.8707,
817.0344,444.8707,
819.2913,444.8707,
821.5484,444.8707,
823.8053,444.8707,
826.0622,444.8707,
828.3193,444.8707,
830.5762,444.8707,
832.8334,444.8707,
835.0903,444.8707,
837.3474,444.8707,
839.6043,444.8707,
841.8614,444.8707,
844.1183,444.8707,
846.3752,444.8707,
848.6323,444.8707,
850.8892,444.8707,
853.1464,444.8707,
855.4033,444.8707,
857.6604,444.8707,
859.9173,444.8707,
862.1744,444.8707,
864.4313,444.8707,
866.6882,444.8707,
868.9454,444.8707,
871.2023,444.8707,
873.4594,444.8707,
875.7163,444.8707,
877.9734,444.8707,
880.2303,444.8707,
882.4872,444.8707,
884.7443,444.8707,
887.0012,444.8707,
889.2584,444.8707,
891.5153,444.8707,
893.7724,444.8707,
896.0293,444.8707,
898.2864,444.8707,
900.5433,444.8707,
902.8002,444.8707,
905.0574,444.8707,
907.3143,444.8707,
909.5714,444.8707,
911.8283,444.8707,
914.0854,444.8707,
916.3423,444.8707,
918.5994,444.8707,
920.8563,444.8707,turn
920.8563,444.8707,
920.8563,442.8296,
920.8563,440.7884,
920.8563,438.7474,
920.8563,436.7063,
920.8563,434.6653,
920.8563,432.624,
920.8563,430.583,
920.8563,428.542,
920.8563,426.5007,
920.8563,424.4597,
920.8563,422.4187,
920.8563,420.3774,
920.8563,418.3364,
920.8563,416.2953,
920.8563,414.2543,
920.8563,412.2131,
920.8563,410.172,
920.8563,408.131,
920.8563,406.0897,
920.8563,404.0487,
920.8563,402.0077,
920.8563,399.9664,
920.8563,397.9254,
920.8563,395.8844,
920.8563,393.8433,
920.8563,391.8021,
920.8563,389.761,
920.8563,387.72,
920.8563,385.6788,
920.8563,383.6377,
920.8563,381.5967,
920.8563,379.5554,
920.8563,377.5144,
920.8563,375.4734,
920.8563,373.4323,
920.8563,371.3911,
920.8563,369.3501,
920.8563,367.309,
920.8563,365.2678,
920.8563,363.2267,
920.8563,361.1857,
920.8563,359.1447,
920.8563,357.1034,
920.8563,355.0624,
920.8563,353.0213,
920.8563,350.9801,
920.8563,348.9391,
920.8563,346.898,
920.8563,344.8568,
920.8563,342.8158,
920.8563,340.7747,
920.8563,338.7337,
920.8563,336.6924,
920.8563,334.6514,
920.8563,332.6104,
920.8563,330.5691,
920.8563,328.5281,
920.8563,326.487,
920.8563,324.4458,
920.8563,322.4048,
920.8563,320.3637,
920.8563,318.3227,
920.8563,316.2815,
920.8563,314.2404,
920.8563,312.1994,
920.8563,310.1581,
920.8563,308.1171,
920.8563,306.0761,
920.8563,304.0348,
920.8563,301.9938,
920.8563,299.9527,
920.8563,297.9117,
920.8563,295.8705,
920.8563,293.8294,
920.8563,291.7884,
920.8563,289.7472,
920.8563,287.7061,
920.8563,285.6651,
920.8563,283.6238,
920.8563,281.5828,
920.8563,279.5418,
920.8563,277.5007,
920.8563,275.4595,
920.8563,273.4184,
920.8563,271.3774,
920.8563,269.3362,
920.8563,267.2951,
920.8563,265.2541,
920.8563,263.2131,
920.8563,261.1718,
920.8563,259.1308,
920.8563,257.0897,
920.8563,255.0485,
920.8563,253.0075,
920.8563,250.9664,
920.8563,248.9252,
920.8563,246.8841,
920.8563,244.8431,
920.8563,242.8021,
920.8563,240.7608,
920.8563,238.7198,
920.8563,236.6788,
920.8563,234.6375,
920.8563,232.5965,
920.8563,230.5554,
920.8563,228.5142,
920.8563,226.4732,
920.8563,224.4321,
920.8563,222.3911,
920.8563,220.3498,
920.8563,218.3088,
920.8563,216.2678,
920.8563,214.2265,
920.8563,212.1855,
920.8563,210.1445,
920.8563,208.1032,
920.8563,206.0622,
920.8563,204.0211,
920.8563,201.9801,
920.8563,199.9389,
920.8563,197.8978,turn
920.8563,197.8978,
918.5934,197.8978,
916.3304,197.8978,
914.0674,197.8978,
911.8044,197.8978,
909.5414,197.8978,
907.2784,197.8978,
905.0154,197.8978,
902.7525,197.8978,
900.4895,197.8978,
898.2265,197.8978,
895.9635,197.8978,
893.7005,197.8978,
891.4375,197.8978,
889.1745,197.8978,
886.9115,197.8978,
884.6486,197.8978,
882.3856,197.8978,
880.1226,197.8978,
877.8596,197.8978,
875.5966,197.8978,
873.3336,197.8978,
871.0706,197.8978,
868.8077,197.8978,
866.5447,197.8978,
864.2817,197.8978,
862.0187,197.8978,
859.7557,197.8978,
857.4927,197.8978,
855.2297,197.8978,
852.9668,197.8978,
850.7038,197.8978,
848.4408,197.8978,
846.1778,197.8978,
843.9148,197.8978,
841.6518,197.8978,
839.3888,197.8978,
837.1259,197.8978,
834.8629,197.8978,
832.5999,197.8978,
830.3369,197.8978,
828.0739,197.8978,
825.8109,197.8978,
823.5479,197.8978,
821.285,197.8978,
819.022,197.8978,
816.759,197.8978,
814.496,197.8978,
812.233,197.8978,
809.97,197.8978,
807.707,197.8978,
805.4441,197.8978,
803.1811,197.8978,
800.9181,197.8978,
798.6551,197.8978,
796.3921,197.8978,
794.1291,197.8978,
791.8661,197.8978,
789.6032,197.8978,
787.3402,197.8978,
785.0772,197.8978,
782.8142,197.8978,
780.5512,197.8978,
778.2882,197.8978,
776.0252,197.8978,
773.7623,197.8978,
771.4993,197.8978,
769.2363,197.8978,
766.9733,197.8978,
764.7103,197.8978,
762.4473,197.8978,
760.1843,197.8978,
757.9214,197.8978,
755.6584,197.8978,
753.3954,197.8978,
751.1324,197.8978,
748.8694,197.8978,
746.6064,197.8978,
744.3434,197.8978,
742.0805,197.8978,
739.8175,197.8978,
737.5545,197.8978,
735.2915,197.8978,
733.0285,197.8978,
730.7655,197.8978,
728.5025,197.8978,
726.2395,197.8978,
723.9766,197.8978,
721.7136,197.8978,
719.4506,197.8978,
717.1876,197.8978,
714.9246,197.8978,
712.6616,197.8978,
710.3986,197.8978,
708.1357,197.8978,
705.8727,197.8978,
703.6097,197.8978,
701.3467,197.8978,
699.0837,197.8978,
696.8207,197.8978,
694.5577,197.8978,
692.2948,197.8978,
690.0318,197.8978,
687.7688,197.8978,
685.5058,197.8978,
683.2428,197.8978,
680.9798,197.8978,
678.7168,197.8978,
676.4539,197.8978,
674.1909,197.8978,
671.9279,197.8978,
669.6649,197.8978,
667.4019,197.8978,
665.1389,197.8978,
662.8759,197.8978,
660.613,197.8978,
658.35,197.8978,
656.087,197.8978,
653.824,197.8978,
651.561,197.8978,
649.298,197.8978,
647.035,197.8978,
644.7721,197.8978,
642.5091,197.8978,
640.2461,197.8978,
637.9831,197.8978,
635.7201,197.8978,
633.4571,197.8978,
631.1941,197.8978,
628.9312,197.8978,
626.6682,197.8978,
624.4052,197.8978,
622.1422,197.8978,
619.8792,197.8978,
617.6162,197.8978,
615.3532,197.8978,
613.0903,197.8978,
610.8273,197.8978,
608.5643,197.8978,
606.3013,197.8978,
604.0383,197.8978,turn
604.0383,197.8978,
604.0383,199.9287,
604.0383,201.9594,
604.0383,203.9903,
604.0383,206.021,
604.0383,208.0518,
604.0383,210.0827,
604.0383,212.1134,
604.0383,214.1443,
604.0383,216.175,
604.0383,218.2059,
604.0383,220.2368,
604.0383,222.2675,
604.0383,224.2983,
604.0383,226.329,
604.0383,228.3599,
604.0383,230.3908,
604.0383,232.4215,
604.0383,234.4524,
604.0383,236.4831,
604.0383,238.5139,
604.0383,240.5448,
604.0383,242.5755,
604.0383,244.6064,
604.0383,246.6371,
604.0383,248.668,
604.0383,250.6989,
604.0383,252.7295,
604.0383,254.7604,
604.0383,256.7911,
604.0383,258.822,
604.0383,260.8529,
604.0383,262.8836,
604.0383,264.9145,
604.0383,266.9451,
604.0383,268.976,
604.0383,271.0069,
604.0383,273.0376,
604.0383,275.0685,
604.0383,277.0992,
604.0383,279.1301,
604.0383,281.1609,
604.0383,283.1916,
604.0383,285.2225,
604.0383,287.2532,
604.0383,289.2841,
604.0383,291.315,
604.0383,293.3457,
604.0383,295.3765,
604.0383,297.4072,
604.0383,299.4381,
604.0383,301.469,
604.0383,303.4997,
604.0383,305.5306,
604.0383,307.5613,
604.0383,309.5922,
604.0383,311.623,
604.0383,313.6537,
604.0383,315.6846,
604.0383,317.7153,
604.0383,319.7462,
604.0383,321.7771,
604.0383,323.8078,
604.0383,325.8386,
604.0383,327.8693,
604.0383,329.9002,
604.0383,331.9311,
604.0383,333.9618,
604.0383,335.9927,
604.0383,338.0234,
604.0383,340.0542,
604.0383,342.0851,
604.0383,344.1158,
604.0383,346.1467,
604.0383,348.1774,
604.0383,350.2083,
604.0383,352.2392,
604.0383,354.2698,
604.0383,356.3007,
604.0383,358.3314,
604.0383,360.3623,
604.0383,362.3932,
604.0383,364.4239,
604.0383,366.4548,
604.0383,368.4854,
604.0383,370.5163,
604.0383,372.5472,
604.0383,374.5779,
604.0383,376.6088,
604.0383,378.6395,
604.0383,380.6704,
604.0383,382.7012,
604.0383,384.7319,
604.0383,386.7628,
604.0383,388.7935,
604.0383,390.8244,
604.0383,392.8553,
604.0383,394.886,
604.0383,396.9168,
604.0383,398.9475,
604.0383,400.9784,
604.0383,403.0093,
604.0383,405.04,
604.0383,407.0709,
604.0383,409.1016,
604.0383,411.1325,
604.0383,413.1633,
604.0383,415.194,
604.0383,417.2249,
604.0383,419.2556,
604.0383,421.2865,
604.0383,423.3174,
604.0383,425.3481,
604.0383,427.3789,
604.0383,429.4096,
604.0383,431.4405,
604.0383,433.4714,
604.0383,435.5021,
604.0383,437.533,
604.0383,439.5637,
604.0383,441.5945,
604.0383,443.6254,
604.0383,445.6561,
604.0383,447.687,
604.0383,449.7177,
604.0383,451.7486,
604.0383,453.7795,
604.0383,455.8101,
604.0383,457.841,
604.0383,459.8717,
604.0383,461.9026,
604.0383,463.9335,
604.0383,465.9642,
604.0383,467.9951,
604.0383,470.0257,
604.0383,472.0566,
604.0383,474.0875,
604.0383,476.1182,
604.0383,478.1491,
604.0383,480.1798,
604.0383,482.2107,
604.0383,484.2415,
604.0383,486.2722,
604.0383,488.3031,
604.0383,490.3338,
604.0383,492.3647,
604.0383,494.3956,
604.0383,496.4263,
604.0383,498.4572,
604.0383,500.4878,
604.0383,502.5187,
604.0383,504.5496,
604.0383,506.5803,
604.0383,508.6112,
604.0383,510.6419,
604.0383,512.6728,
604.0383,514.7036,
604.0383,516.7343,
604.0383,518.7652,
604.0383,520.7959,
604.0383,522.8268,
604.0383,524.8577,
604.0383,526.8884,
604.0383,528.9192,
604.0383,530.9499,
604.0383,532.9808,
604.0383,535.0117,
604.0383,537.0424,
604.0383,539.0733,
604.0383,541.104,
604.0383,543.1348,
604.0383,545.1657,
604.0383,547.1964,
604.0383,549.2273,
604.0383,551.258,
604.0383,553.2889,
604.0383,555.3198,
604.0383,557.3504,
604.0383,559.3813,
604.0383,561.412,
604.0383,563.4429,
604.0383,565.4738,
604.0383,567.5045,
604.0383,569.5354,
604.0383,571.566,
604.0383,573.5969,
604.0383,575.6278,
604.0383,577.6585,
604.0383,579.6894,
604.0383,581.7201,
604.0383,583.751,
604.0383,585.7818,
604.0383,587.8125,
604.0383,589.8434,
604.0383,591.8741,
604.0383,593.905,
604.0383,595.9359,
604.0383,597.9666,
604.0383,599.9975,
604.0383,602.0281,
604.0383,604.059,
604.0383,606.0899,
604.0383,608.1206,
604.0383,610.1515,
604.0383,612.1822,
604.0383,614.2131,
604.0383,616.2439,
604.0383,618.2746,
604.0383,620.3055,
604.0383,622.3362,
604.0383,624.3671,
604.0383,626.398,
604.0383,628.4287,
604.0383,630.4595,
604.0383,632.4902,
604.0383,634.5211,
604.0383,636.552,
604.0383,638.5827,
604.0383,640.6136,
604.0383,642.6443,
604.0383,644.6751,
604.0383,646.706,
604.0383,648.7367,
604.0383,650.7676,
604.0383,652.7983,
604.0383,654.8292,
604.0383,656.8601,
604.0383,658.8907,
604.0383,660.9216,
604.0383,662.9523,
604.0383,664.9832,
604.0383,667.0141,
604.0383,669.0448,
604.0383,671.0757,
604.0383,673.1063,
604.0383,675.1372,
604.0383,677.1681,
604.0383,679.1988,
604.0383,681.2297,
604.0383,683.2604,
604.0383,685.2913,
604.0383,687.3222,
604.0383,689.3528,
604.0383,691.3837,
604.0383,693.4144,
604.0383,695.4453,
604.0383,697.4762,
604.0383,699.5069,
604.0383,701.5378,
604.0383,703.5684,
604.0383,705.5993,
604.0383,707.6302,
604.0383,709.6609,
604.0383,711.6918,
604.0383,713.7225,
604.0383,715.7534,
604.0383,717.7842,
604.0383,719.8149,
604.0383,721.8458,
604.0383,723.8765,
604.0383,725.9074,
604.0383,727.9383,
604.0383,729.969,
604.0383,731.9998,
604.0383,734.0305,
604.0383,736.0614,
604.0383,738.0923,
604.0383,740.123,
604.0383,742.1539,
604.0383,744.1846,
604.0383,746.2154,
604.0383,748.2463,
604.0383,750.277,
604.0383,752.3079,
604.0383,754.3386,
604.0383,756.3695,
604.0383,758.4004,
604.0383,760.431,
604.0383,762.4619,
604.0383,764.4926,
604.0383,766.5235,
604.0383,768.5544,
604.0383,770.5851,
604.0383,772.616,
604.0383,774.6466,
604.0383,776.6775,
604.0383,778.7084,
604.0383,780.7391,
604.0383,782.77,
604.0383,784.8007,
604.0383,786.8316,
604.0383,788.8625,
604.0383,790.8931,
604.0383,792.924,
604.0383,794.9547,
604.0383,796.9856,
604.0383,799.0165,
604.0383,801.0472,
604.0383,803.0781,
604.0383,805.1087,
604.0383,807.1396,
604.0383,809.1705,
604.0383,811.2012,
604.0383,813.2321,
604.0383,815.2628,
604.0383,817.2937,
604.0383,819.3245,
604.0383,821.3552,
604.0383,823.3861,
604.0383,825.4168,
604.0383,827.4477,
604.0383,829.4786,
604.0383,831.5093,
604.0383,833.5401,
604.0383,835.5708,
604.0383,837.6017,
604.0383,839.6326,
604.0383,841.6633,
604.0383,843.6942,
604.0383,845.7249,
604.0383,847.7557,
604.0383,849.7866,
604.0383,851.8173,
604.0383,853.8482,
604.0383,855.8789,
604.0383,857.9098,turn
604.0383,857.9098,
601.7841,857.9098,
599.5299,857.9098,
597.2757,857.9098,
595.0215,857.9098,
592.7671,857.9098,
590.5129,857.9098,
588.2587,857.9098,
586.0045,857.9098,
583.7503,857.9098,
581.4961,857.9098,
579.2419,857.9098,
576.9877,857.9098,
574.7335,857.9098,
572.4791,857.9098,
570.2249,857.9098,
567.9707,857.9098,
565.7165,857.9098,
563.4623,857.9098,
561.2081,857.9098,
558.9539,857.9098,
556.6997,857.9098,
554.4455,857.9098,
552.1911,857.9098,
549.9369,857.9098,
547.6827,857.9098,
545.4285,857.9098,
543.1743,857.9098,
540.9201,857.9098,
538.6659,857.9098,
536.4117,857.9098,
534.1575,857.9098,
531.9031,857.9098,
529.6489,857.9098,
527.3947,857.9098,
525.1405,857.9098,
522.8863,857.9098,
520.6321,857.9098,
518.3779,857.9098,
516.1237,857.9098,
513.8695,857.9098,
511.6151,857.9098,
509.3609,857.9098,
507.1067,857.9098,
504.8525,857.9098,
502.5983,857.9098,
500.3441,857.9098,
498.0899,857.9098,
495.8357,857.9098,
493.5815,857.9098,
491.3271,857.9098,
489.0729,857.9098,
486.8187,857.9098,
484.5645,857.9098,
482.3103,857.9098,
480.0561,857.9098,
477.8019,857.9098,
475.5477,857.9098,
473.2935,857.9098,
471.0391,857.9098,
468.7849,857.9098,
466.5307,857.9098,
464.2765,857.9098,
462.0223,857.9098,
459.7681,857.9098,
457.5139,857.9098,
455.2597,857.9098,
453.0055,857.9098,
450.7511,857.9098,
448.4969,857.9098,
446.2427,857.9098,
443.9885,857.9098,
441.7343,857.9098,
439.4801,857.9098,
437.2259,857.9098,
434.9717,857.9098,
432.7175,857.9098,
430.4631,857.9098,
428.2089,857.9098,
425.9547,857.9098,
423.7005,857.9098,
421.4463,857.9098,
419.1921,857.9098,
416.9379,857.9098,
414.6837,857.9098,
412.4295,857.9098,
410.1751,857.9098,
407.9209,857.9098,
405.6667,857.9098,
403.4125,857.9098,
401.1583,857.9098,
398.9041,857.9098,
396.6499,857.9098,
394.3957,857.9098,
392.1415,857.9098,
389.8871,857.9098,
387.6329,857.9098,
385.3787,857.9098,
383.1245,857.9098,
380.8703,857.9098,
378.6161,857.9098,
376.3619,857.9098,
374.1077,857.9098,
371.8535,857.9098,
369.5991,857.9098,
367.3449,857.9098,
365.0907,857.9098,
362.8365,857.9098,
360.5823,857.9098,
358.3281,857.9098,
356.0739,857.9098,
353.8197,857.9098,
351.5655,857.9098,
349.3111,857.9098,
347.0569,857.9098,
344.8027,857.9098,
342.5485,857.9098,
340.2943,857.9098,
338.0401,857.9098,
335.7859,857.9098,
333.5317,857.9098,
331.2775,857.9098,
329.0231,857.9098,
326.7689,857.9098,
324.5147,857.9098,
322.2605,857.9098,
320.0063,857.9098,
317.7521,857.9098,
315.4979,857.9098,
313.2437,857.9098,
310.9895,857.9098,
308.7351,857.9098,
306.4809,857.9098,
304.2267,857.9098,
301.9725,857.9098,
299.7183,857.9098,turn
299.7183,857.9098,
299.7183,855.8779,
299.7183,853.8462,
299.7183,851.8143,
299.7183,849.7826,
299.7183,847.7507,
299.7183,845.719,
299.7183,843.6871,
299.7183,841.6554,
299.7183,839.6235,
299.7183,837.5918,
299.7183,835.5599,
299.7183,833.528,
299.7183,831.4963,
299.7183,829.4644,
299.7183,827.4327,
299.7183,825.4008,
299.7183,823.3691,
299.7183,821.3372,
299.7183,819.3055,
299.7183,817.2736,
299.7183,815.2419,
299.7183,813.21,
299.7183,811.1781,
299.7183,809.1464,
299.7183,807.1145,
299.7183,805.0828,
299.7183,803.0508,
299.7183,801.0192,
299.7183,798.9872,
299.7183,796.9555,
299.7183,794.9236,
299.7183,792.8917,
299.7183,790.86,
299.7183,788.8281,
299.7183,786.7964,
299.7183,784.7645,
299.7183,782.7328,
299.7183,780.7009,
299.7183,778.6692,
299.7183,776.6373,
299.7183,774.6056,
299.7183,772.5737,
299.7183,770.5418,
299.7183,768.5101,
299.7183,766.4782,
299.7183,764.4465,
299.7183,762.4146,
299.7183,760.3829,
299.7183,758.351,
299.7183,756.3193,
299.7183,754.2874,
299.7183,752.2557,
299.7183,750.2238,
299.7183,748.1919,
299.7183,746.1602,
299.7183,744.1283,
299.7183,742.0966,
299.7183,740.0647,
299.7183,738.033,
299.7183,736.0011,
299.7183,733.9694,
299.7183,731.9375,
299.7183,729.9058,
299.7183,727.8739,
299.7183,725.842,
299.7183,723.8103,
299.7183,721.7784,
299.7183,719.7467,
299.7183,717.7148,
299.7183,715.6831,
299.7183,713.6512,
299.7183,711.6195,
299.7183,709.5876,
299.7183,707.5559,
299.7183,705.524,
299.7183,703.4921,
299.7183,701.4604,
299.7183,699.4285,
299.7183,697.3968,
299.7183,695.3649,
299.7183,693.3332,
299.7183,691.3013,
299.7183,689.2696,
299.7183,687.2377,
299.7183,685.206,
299.7183,683.1741,
299.7183,681.1422,
299.7183,679.1105,
299.7183,677.0786,
299.7183,675.0469,
299.7183,673.015,
299.7183,670.9833,
299.7183,668.9514,
299.7183,666.9197,
299.7183,664.8878,
299.7183,662.8559,
299.7183,660.8242,
299.7183,658.7923,
299.7183,656.7606,
299.7183,654.7287,
299.7183,652.697,
299.7183,650.6651,
299.7183,648.6334,
299.7183,646.6015,
299.7183,644.5698,
299.7183,642.5379,
299.7183,640.506,
299.7183,638.4743,
299.7183,636.4424,
299.7183,634.4107,
299.7183,632.3788,
299.7183,630.3471,
299.7183,628.3152,
299.7183,626.2835,
299.7183,624.2516,
299.7183,622.2199,
299.7183,620.188,turn
299.7183,620.188,
301.9761,620.188,
304.2337,620.188,
306.4915,620.188,
308.7493,620.188,
311.0071,620.188,
313.2647,620.188,
315.5225,620.188,
317.7803,620.188,
320.0379,620.188,
322.2957,620.188,
324.5535,620.188,
326.8113,620.188,
329.0688,620.188,
331.3266,620.188,
333.5845,620.188,
335.842,620.188,
338.0998,620.188,
340.3576,620.188,
342.6154,620.188,
344.873,620.188,
347.1308,620.188,
349.3886,620.188,
351.6464,620.188,
353.904,620.188,
356.1618,620.188,
358.4196,620.188,
360.6772,620.188,
362.935,620.188,
365.1928,620.188,
367.4506,620.188,
369.7082,620.188,
371.966,620.188,
374.2238,620.188,
376.4814,620.188,
378.7392,620.188,
380.997,620.188,
383.2548,620.188,
385.5123,620.188,
387.7701,620.188,
390.0279,620.188,
392.2855,620.188,
394.5433,620.188,
396.8011,620.188,
399.0589,620.188,
401.3165,620.188,
403.5743,620.188,
405.8321,620.188,
408.0897,620.188,
410.3475,620.188,
412.6053,620.188,
414.8631,620.188,
417.1207,620.188,
419.3785,620.188,
421.6363,620.188,
423.8939,620.188,
426.1517,620.188,
428.4095,620.188,
430.6673,620.188,
432.9248,620.188,
435.1826,620.188,
437.4405,620.188,
439.6983,620.188,
441.9558,620.188,
444.2136,620.188,
446.4714,620.188,
448.729,620.188,
450.9868,620.188,
453.2446,620.188,
455.5024,620.188,
457.76,620.188,
460.0178,620.188,
462.2756,620.188,
464.5332,620.188,
466.791,620.188,
469.0488,620.188,
471.3066,620.188,
473.5642,620.188,
475.822,620.188,
478.0798,620.188,
480.3374,620.188,
482.5952,620.188,
484.853,620.188,
487.1108,620.188,
489.3683,620.188,
491.6261,620.188,
493.8839,620.188,
496.1415,620.188,
498.3993,620.188,
500.6571,620.188,
502.9149,620.188,
505.1725,620.188,
507.4303,620.188,
509.6881,620.188,
511.9457,620.188,
514.2035,620.188,
516.4613,620.188,
518.7191,620.188,
520.9767,620.188,
523.2345,620.188,
525.4923,620.188,
527.7501,620.188,
530.0077,620.188,
532.2655,620.188,
534.5233,620.188,
536.7808,620.188,
539.0386,620.188,
541.2965,620.188,
543.5543,620.188,
545.8118,620.188,
548.0696,620.188,
550.3274,620.188,
552.585,620.188,
554.8428,620.188,
557.1006,620.188,
559.3584,620.188,
561.616,620.188,
563.8738,620.188,
566.1316,620.188,
568.3892,620.188,
570.647,620.188,
572.9048,620.188,
575.1626,620.188,
577.4202,620.188,
579.678,620.188,
581.9358,620.188,
584.1934,620.188,
586.4512,620.188,
588.709,620.188,
590.9668,620.188,
593.2243,620.188,
595.4821,620.188,
597.7399,620.188,
599.9975,620.188,
602.2553,620.188,
604.5131,620.188,
606.7709,620.188,
609.0285,620.188,
611.2863,620.188,
613.5441,620.188,
615.8019,620.188,
618.0595,620.188,
620.3173,620.188,
622.5751,620.188,
624.8327,620.188,
627.0905,620.188,
629.3483,620.188,
631.6061,620.188,
633.8637,620.188,
636.1215,620.188,
638.3793,620.188,
640.6368,620.188,
642.8946,620.188,
645.1525,620.188,
647.4103,620.188,
649.6678,620.188,
651.9256,620.188,
654.1834,620.188,
656.441,620.188,
658.6988,620.188,
660.9566,620.188,
663.2144,620.188,
665.472,620.188,
667.7298,620.188,
669.9876,620.188,
672.2452,620.188,
674.503,620.188,
676.7608,620.188,
679.0186,620.188,
681.2762,620.188,
683.534,620.188,
685.7918,620.188,
688.0494,620.188,
690.3072,620.188,
692.565,620.188,
694.8228,620.188,
697.0803,620.188,
699.3381,620.188,
701.5959,620.188,
703.8537,620.188,
706.1113,620.188,
708.3691,620.188,
710.6269,620.188,
712.8845,620.188,
715.1423,620.188,
717.4001,620.188,
719.6579,620.188,
721.9155,620.188,
724.1733,620.188,
726.4311,620.188,
728.6887,620.188,
730.9465,620.188,
733.2043,620.188,
735.4621,620.188,
737.7197,620.188,
739.9775,620.188,
742.2353,620.188,
744.4928,620.188,
746.7506,620.188,
749.0085,620.188,
751.2663,620.188,
753.5238,620.188,
755.7816,620.188,
758.0394,620.188,
760.297,620.188,
762.5548,620.188,
764.8126,620.188,
767.0704,620.188,
769.328,620.188,
771.5858,620.188,
773.8436,620.188,
776.1012,620.188,
778.359,620.188,
780.6168,620.188,
782.8746,620.188,
785.1322,620.188,
787.39,620.188,
789.6478,620.188,
791.9056,620.188,
794.1632,620.188,
796.421,620.188,
798.6788,620.188,
800.9363,620.188,
803.1941,620.188,
805.4519,620.188,
807.7097,620.188,
809.9673,620.188,
812.2251,620.188,
814.4829,620.188,
816.7405,620.188,
818.9983,620.188,
821.2561,620.188,
823.5139,620.188,
825.7715,620.188,
828.0293,620.188,
830.2871,620.188,
832.5447,620.188,
834.8025,620.188,
837.0603,620.188,
839.3181,620.188,
841.5757,620.188,
843.8335,620.188,
846.0913,620.188,
848.3488,620.188,
850.6066,620.188,
852.8645,620.188,
855.1223,620.188,
857.3798,620.188,
859.6376,620.188,
861.8954,620.188,
864.153,620.188,
866.4108,620.188,
868.6686,620.188,
870.9264,620.188,
873.184,620.188,
875.4418,620.188,
877.6996,620.188,
879.9574,620.188,
882.215,620.188,
884.4728,620.188,
886.7306,620.188,
888.9882,620.188,
891.246,620.188,
893.5038,620.188,
895.7616,620.188,
898.0192,620.188,
900.277,620.188,
902.5348,620.188,
904.7923,620.188,
907.0501,620.188,
909.3079,620.188,
911.5657,620.188,
913.8233,620.188,
916.0811,620.188,
918.3389,620.188,
920.5965,620.188,
922.8543,620.188,
925.1121,620.188,
927.3699,620.188,
929.6275,620.188,
931.8853,620.188,
934.1431,620.188,
936.4007,620.188,
938.6585,620.188,
940.9163,620.188,
943.1741,620.188,
945.4317,620.188,
947.6895,620.188,
949.9473,620.188,
952.2048,620.188,
954.4626,620.188,
956.7205,620.188,
958.9783,620.188,
961.2358,620.188,
963.4936,620.188,
965.7514,620.188,
968.0092,620.188,
970.2668,620.188,
972.5246,620.188,
974.7824,620.188,
977.04,620.188,
979.2978,620.188,
981.5556,620.188,
983.8134,620.188,
986.071,620.188,
988.3288,620.188,
990.5866,620.188,
992.8442,620.188,
995.102,620.188,
997.3598,620.188,
999.6176,620.188,
1001.8752,620.188,
1004.133,620.188,
1006.3908,620.188,
1008.6483,620.188,
1010.9061,620.188,
1013.1639,620.188,
1015.4217,620.188,
1017.6793,620.188,
1019.9371,620.188,
1022.1949,620.188,
1024.4525,620.188,
1026.7103,620.188,
1028.9681,620.188,
1031.2259,620.188,
1033.4835,620.188,
1035.7413,620.188,
1037.9991,620.188,
1040.2567,620.188,
1042.5145,620.188,
1044.7723,620.188,
1047.0301,620.188,
1049.2877,620.188,
1051.5455,620.188,
1053.8033,620.188,
1056.0611,620.188,
1058.3186,620.188,
1060.5765,620.188,
1062.8343,620.188,
1065.0918,620.188,
1067.3496,620.188,
1069.6074,620.188,
1071.8652,620.188,
1074.1228,620.188,
1076.3806,620.188,
1078.6384,620.188,
1080.896,620.188,
1083.1538,620.188,
1085.4116,620.188,
1087.6694,620.188,
1089.927,620.188,
1092.1848,620.188,
1094.4426,620.188,
1096.7002,620.188,
1098.958,620.188,
1101.2158,620.188,
1103.4736,620.188,
1105.7312,620.188,
1107.989,620.188,
1110.2468,620.188,
1112.5043,620.188,
1114.7621,620.188,
1117.0199,620.188,
1119.2777,620.188,
1121.5353,620.188,
1123.7931,620.188,
1126.0509,620.188,
1128.3085,620.188,
1130.5663,620.188,
1132.8241,620.188,
1135.0819,620.188,
1137.3395,620.188,
1139.5973,620.188,
1141.8551,620.188,
1144.1129,620.188,
1146.3705,620.188,
1148.6283,620.188,
1150.8861,620.188,
1153.1437,620.188,
1155.4015,620.188,
1157.6593,620.188,
1159.9171,620.188,
1162.1746,620.188,
1164.4325,620.188,
1166.6903,620.188,
1168.9478,620.188,
1171.2056,620.188,
1173.4634,620.188,
1175.7212,620.188,
1177.9788,620.188,
1180.2366,620.188,turn
1180.2366,620.188,
1180.2366,618.1433,
1180.2366,616.0984,
1180.2366,614.0537,
1180.2366,612.0088,
1180.2366,609.9641,
1180.2366,607.9194,
1180.2366,605.8745,
1180.2366,603.8298,
1180.2366,601.7851,
1180.2366,599.7402,
1180.2366,597.6955,
1180.2366,595.6507,
1180.2366,593.606,
1180.2366,591.5613,
1180.2366,589.5164,
1180.2366,587.4717,
1180.2366,585.427,
1180.2366,583.3821,
1180.2366,581.3374,
1180.2366,579.2925,
1180.2366,577.2478,
1180.2366,575.2031,
1180.2366,573.1582,
1180.2366,571.1135,
1180.2366,569.0686,
1180.2366,567.024,
1180.2366,564.9793,
1180.2366,562.9344,
1180.2366,560.8897,
1180.2366,558.845,
1180.2366,556.8001,
1180.2366,554.7554,
1180.2366,552.7105,
1180.2366,550.6658,
1180.2366,548.6211,
1180.2366,546.5762,
1180.2366,544.5315,
1180.2366,542.4868,
1180.2366,540.4419,
1180.2366,538.3973,
1180.2366,536.3524,
1180.2366,534.3077,
1180.2366,532.263,
1180.2366,530.2181,
1180.2366,528.1734,
1180.2366,526.1285,
1180.2366,524.0838,
1180.2366,522.0391,
1180.2366,519.9942,
1180.2366,517.9495,
1180.2366,515.9048,
1180.2366,513.8599,
1180.2366,511.8152,
1180.2366,509.7704,
1180.2366,507.7257,
1180.2366,505.681,
1180.2366,503.6361,
1180.2366,501.5914,
1180.2366,499.5467,
1180.2366,497.5018,
1180.2366,495.4571,
1180.2366,493.4122,
1180.2366,491.3675,
1180.2366,489.3228,
1180.2366,487.2779,
1180.2366,485.2332,
1180.2366,483.1883,
1180.2366,481.1437,
1180.2366,479.099,
1180.2366,477.0541,
1180.2366,475.0094,
1180.2366,472.9647,
1180.2366,470.9198,
1180.2366,468.8751,
1180.2366,466.8302,
1180.2366,464.7855,
1180.2366,462.7408,
1180.2366,460.6959,
1180.2366,458.6512,
1180.2366,456.6065,
1180.2366,454.5616,
1180.2366,452.517,
1180.2366,450.4721,
1180.2366,448.4274,
1180.2366,446.3827,
1180.2366,444.3378,
1180.2366,442.2931,
1180.2366,440.2482,
1180.2366,438.2035,
1180.2366,436.1588,
1180.2366,434.1139,
1180.2366,432.0692,
1180.2366,430.0245,
1180.2366,427.9796,
1180.2366,425.9349,
1180.2366,423.8901,
1180.2366,421.8454,
1180.2366,419.8007,
1180.2366,417.7558,
1180.2366,415.7111,
1180.2366,413.6664,
1180.2366,411.6215,
1180.2366,409.5768,
1180.2366,407.5319,
1180.2366,405.4872,
1180.2366,403.4425,
1180.2366,401.3976,
1180.2366,399.3529,
1180.2366,397.308,
1180.2366,395.2634,
1180.2366,393.2187,
1180.2366,391.1738,
1180.2366,389.1291,
1180.2366,387.0844,
1180.2366,385.0395,
1180.2366,382.9948,
1180.2366,380.9499,
1180.2366,378.9052,
1180.2366,376.8605,
1180.2366,374.8156,
1180.2366,372.7709,
1180.2366,370.7262,
1180.2366,368.6813,
1180.2366,366.6367,
1180.2366,364.5918,
1180.2366,362.5471,turn
1180.2366,362.5471,
1182.5041,362.5471,
1184.7716,362.5471,
1187.0393,362.5471,
1189.3068,362.5471,
1191.5743,362.5471,
1193.8418,362.5471,
1196.1095,362.5471,
1198.377,362.5471,
1200.6445,362.5471,
1202.912,362.5471,
1205.1797,362.5471,
1207.4472,362.5471,
1209.7147,362.5471,
1211.9822,362.5471,
1214.2499,362.5471,
1216.5174,362.5471,
1218.7849,362.5471,
1221.0524,362.5471,
1223.3201,362.5471,
1225.5876,362.5471,
1227.8551,362.5471,
1230.1226,362.5471,
1232.3903,362.5471,
1234.6578,362.5471,
1236.9253,362.5471,
1239.1928,362.5471,
1241.4605,362.5471,
1243.728,362.5471,
1245.9955,362.5471,
1248.263,362.5471,
1250.5307,362.5471,
1252.7982,362.5471,
1255.0657,362.5471,
1257.3332,362.5471,
1259.6009,362.5471,
1261.8684,362.5471,
1264.1359,362.5471,
1266.4034,362.5471,
1268.6711,362.5471,
1270.9386,362.5471,
1273.2061,362.5471,
1275.4736,362.5471,
1277.7413,362.5471,
1280.0088,362.5471,
1282.2763,362.5471,
1284.5438,362.5471,
1286.8115,362.5471,
1289.079,362.5471,
1291.3465,362.5471,
1293.614,362.5471,
1295.8815,362.5471,
1298.1492,362.5471,
1300.4167,362.5471,
1302.6842,362.5471,
1304.9517,362.5471,
1307.2194,362.5471,
1309.4869,362.5471,
1311.7544,362.5471,
1314.0219,362.5471,
1316.2896,362.5471,
1318.5571,362.5471,
1320.8246,362.5471,
1323.0921,362.5471,
1325.3598,362.5471,
1327.6273,362.5471,
1329.8948,362.5471,
1332.1623,362.5471,
1334.43,362.5471,
1336.6975,362.5471,
1338.965,362.5471,
1341.2325,362.5471,
1343.5002,362.5471,
1345.7677,362.5471,
1348.0352,362.5471,
1350.3026,362.5471,
1352.5704,362.5471,
1354.8379,362.5471,
1357.1054,362.5471,
1359.3728,362.5471,
1361.6406,362.5471,
1363.9081,362.5471,
1366.1755,362.5471,
1368.443,362.5471,
1370.7108,362.5471,
1372.9783,362.5471,
1375.2457,362.5471,
1377.5132,362.5471,
1379.781,362.5471,
1382.0485,362.5471,
1384.3159,362.5471,
1386.5834,362.5471,
1388.8512,362.5471,
1391.1186,362.5471,
1393.3861,362.5471,
1395.6536,362.5471,
1397.9214,362.5471,
1400.1888,362.5471,
1402.4563,362.5471,turn
1402.4563,362.5471,
1402.4563,364.5849,
1402.4563,366.6226,
1402.4563,368.6604,
1402.4563,370.6984,
1402.4563,372.7362,
1402.4563,374.774,
1402.4563,376.8118,
1402.4563,378.8496,
1402.4563,380.8874,
1402.4563,382.9252,
1402.4563,384.9632,
1402.4563,387.0009,
1402.4563,389.0387,
1402.4563,391.0765,
1402.4563,393.1143,
1402.4563,395.1521,
1402.4563,397.1899,
1402.4563,399.2277,
1402.4563,401.2657,
1402.4563,403.3035,
1402.4563,405.3413,
1402.4563,407.379,
1402.4563,409.4168,
1402.4563,411.4546,
1402.4563,413.4924,
1402.4563,415.5304,
1402.4563,417.5682,
1402.4563,419.606,
1402.4563,421.6438,
1402.4563,423.6816,
1402.4563,425.7194,
1402.4563,427.7571,
1402.4563,429.7951,
1402.4563,431.8329,
1402.4563,433.8707,
1402.4563,435.9085,
1402.4563,437.9463,
1402.4563,439.9841,
1402.4563,442.0219,
1402.4563,444.0597,
1402.4563,446.0977,
1402.4563,448.1354,
1402.4563,450.1732,
1402.4563,452.211,
1402.4563,454.2488,
1402.4563,456.2866,
1402.4563,458.3244,
1402.4563,460.3624,
1402.4563,462.4002,
1402.4563,464.438,
1402.4563,466.4758,
1402.4563,468.5135,
1402.4563,470.5513,
1402.4563,472.5891,
1402.4563,474.6271,
1402.4563,476.6649,
1402.4563,478.7027,
1402.4563,480.7405,
1402.4563,482.7783,
1402.4563,484.8161,
1402.4563,486.8538,
1402.4563,488.8918,
1402.4563,490.9296,
1402.4563,492.9674,
1402.4563,495.0052,
1402.4563,497.043,
1402.4563,499.0808,
1402.4563,501.1186,
1402.4563,503.1564,
1402.4563,505.1944,
1402.4563,507.2322,
1402.4563,509.2699,
1402.4563,511.3077,
1402.4563,513.3455,
1402.4563,515.3833,
1402.4563,517.4211,
1402.4563,519.4591,
1402.4563,521.4969,
1402.4563,523.5347,
1402.4563,525.5725,
1402.4563,527.6102,
1402.4563,529.648,
1402.4563,531.6858,
1402.4563,533.7238,
1402.4563,535.7616,
1402.4563,537.7994,
1402.4563,539.8372,
1402.4563,541.875,
1402.4563,543.9128,
1402.4563,545.9506,
1402.4563,547.9883,
1402.4563,550.0263,
1402.4563,552.0641,
1402.4563,554.1019,
1402.4563,556.1397,
1402.4563,558.1775,
1402.4563,560.2153,
1402.4563,562.2531,
1402.4563,564.2911,
1402.4563,566.3289,
1402.4563,568.3666,
1402.4563,570.4044,
1402.4563,572.4422,
1402.4563,574.48,
1402.4563,576.5178,
1402.4563,578.5558,
1402.4563,580.5936,
1402.4563,582.6314,
1402.4563,584.6692,
1402.4563,586.707,
1402.4563,588.7447,
1402.4563,590.7825,
1402.4563,592.8205,
1402.4563,594.8583,
1402.4563,596.8961,
1402.4563,598.9339,
1402.4563,600.9717,
1402.4563,603.0095,
1402.4563,605.0473,
1402.4563,607.0851,
1402.4563,609.123,
1402.4563,611.1608,
1402.4563,613.1986,
1402.4563,615.2364,
1402.4563,617.2742,
1402.4563,619.312,
1402.4563,621.3498,
1402.4563,623.3878,
1402.4563,625.4256,
1402.4563,627.4634,
1402.4563,629.5011,
1402.4563,631.5389,
1402.4563,633.5767,
1402.4563,635.6145,
1402.4563,637.6525,
1402.4563,639.6903,
1402.4563,641.7281,
1402.4563,643.7659,
1402.4563,645.8037,
1402.4563,647.8415,
1402.4563,649.8792,
1402.4563,651.917,
1402.4563,653.955,
1402.4563,655.9928,
1402.4563,658.0306,
1402.4563,660.0684,
1402.4563,662.1062,
1402.4563,664.144,
1402.4563,666.1818,
1402.4563,668.2198,
1402.4563,670.2575,
1402.4563,672.2953,
1402.4563,674.3331,
1402.4563,676.3709,
1402.4563,678.4087,
1402.4563,680.4465,
1402.4563,682.4845,
1402.4563,684.5223,
1402.4563,686.5601,
1402.4563,688.5978,
1402.4563,690.6356,
1402.4563,692.6734,
1402.4563,694.7112,
1402.4563,696.7492,
1402.4563,698.787,
1402.4563,700.8248,
1402.4563,702.8626,
1402.4563,704.9004,
1402.4563,706.9382,
1402.4563,708.9759,
1402.4563,711.0137,
1402.4563,713.0517,
1402.4563,715.0895,
1402.4563,717.1273,
1402.4563,719.1651,
1402.4563,721.2029,
1402.4563,723.2407,
1402.4563,725.2785,
1402.4563,727.3165,
1402.4563,729.3542,
1402.4563,731.392,
1402.4563,733.4298,
1402.4563,735.4676,
1402.4563,737.5054,
1402.4563,739.5432,
1402.4563,741.5812,
1402.4563,743.619,
1402.4563,745.6568,
1402.4563,747.6946,
1402.4563,749.7323,
1402.4563,751.7701,
1402.4563,753.8079,
1402.4563,755.8457,
1402.4563,757.8837,
1402.4563,759.9215,
1402.4563,761.9593,
1402.4563,763.9971,
1402.4563,766.0349,
1402.4563,768.0727,
1402.4563,770.1104,
1402.4563,772.1484,
1402.4563,774.1862,
1402.4563,776.224,
1402.4563,778.2618,turn
1402.4563,778.2618,
1400.1972,778.2618,
1397.9378,778.2618,
1395.6786,778.2618,
1393.4193,778.2618,
1391.1601,778.2618,
1388.9007,778.2618,
1386.6416,778.2618,
1384.3822,778.2618,
1382.123,778.2618,
1379.8637,778.2618,
1377.6045,778.2618,
1375.3451,778.2618,
1373.086,778.2618,
1370.8266,778.2618,
1368.5674,778.2618,
1366.3081,778.2618,
1364.0489,778.2618,
1361.7895,778.2618,
1359.5304,778.2618,
1357.271,778.2618,
1355.0118,778.2618,
1352.7525,778.2618,
1350.4933,778.2618,
1348.2339,778.2618,
1345.9748,778.2618,
1343.7154,778.2618,
1341.4562,778.2618,
1339.1968,778.2618,
1336.9377,778.2618,
1334.6783,778.2618,
1332.4192,778.2618,
1330.1598,778.2618,
1327.9006,778.2618,
1325.6412,778.2618,
1323.3821,778.2618,
1321.1227,778.2618,
1318.8635,778.2618,
1316.6042,778.2618,
1314.345,778.2618,
1312.0856,778.2618,
1309.8265,778.2618,
1307.5671,778.2618,
1305.3079,778.2618,
1303.0486,778.2618,
1300.7894,778.2618,
1298.53,778.2618,
1296.2709,778.2618,
1294.0115,778.2618,
1291.7523,778.2618,
1289.493,778.2618,
1287.2338,778.2618,
1284.9744,778.2618,
1282.7153,778.2618,
1280.4559,778.2618,
1278.1967,778.2618,
1275.9374,778.2618,
1273.6782,778.2618,
1271.4188,778.2618,
1269.1597,778.2618,
1266.9003,778.2618,
1264.6411,778.2618,
1262.3817,778.2618,
1260.1226,778.2618,
1257.8632,778.2618,
1255.6041,778.2618,
1253.3447,778.2618,
1251.0855,778.2618,
1248.8261,778.2618,
1246.567,778.2618,
1244.3076,778.2618,
1242.0485,778.2618,
1239.7891,778.2618,
1237.5299,778.2618,
1235.2705,778.2618,
1233.0114,778.2618,
1230.752,778.2618,
1228.4928,778.2618,
1226.2335,778.2618,
1223.9743,778.2618,
1221.7149,778.2618,
1219.4558,778.2618,
1217.1964,778.2618,
1214.9372,778.2618,
1212.6779,778.2618,
1210.4187,778.2618,
1208.1593,778.2618,
1205.9002,778.2618,
1203.6408,778.2618,
1201.3816,778.2618,
1199.1223,778.2618,
1196.8631,778.2618,
1194.6037,778.2618,
1192.3446,778.2618,
1190.0852,778.2618,
1187.826,778.2618,
1185.5666,778.2618,
1183.3075,778.2618,
1181.0481,778.2618,
1178.789,778.2618,
1176.5296,778.2618,
1174.2704,778.2618,
1172.011,778.2618,
1169.7519,778.2618,
1167.4925,778.2618,
1165.2334,778.2618,
1162.974,778.2618,
1160.7148,778.2618,
1158.4554,778.2618,
1156.1963,778.2618,
1153.9369,778.2618,
1151.6777,778.2618,
1149.4184,778.2618,
1147.1592,778.2618,
1144.8998,778.2618,
1142.6407,778.2618,
1140.3813,778.2618,
1138.1221,778.2618,
1135.8628,778.2618,
1133.6036,778.2618,
1131.3442,778.2618,
1129.0851,778.2618,
1126.8257,778.2618,
1124.5665,778.2618,
1122.3072,778.2618,
1120.048,778.2618,
1117.7886,778.2618,
1115.5295,778.2618,
1113.2701,778.2618,
1111.0109,778.2618,
1108.7515,778.2618,
1106.4924,778.2618,
1104.233,778.2618,
1101.9739,778.2618,
1099.7145,778.2618,
1097.4553,778.2618,
1095.1959,778.2618,
1092.9368,778.2618,
1090.6774,778.2618,
1088.4183,778.2618,
1086.1589,778.2618,
1083.8997,778.2618,
1081.6403,778.2618,
1079.3812,778.2618,
1077.1218,778.2618,
1074.8626,778.2618,
1072.6033,778.2618,
1070.3441,778.2618,
1068.0847,778.2618,
1065.8256,778.2618,
1063.5662,778.2618,
1061.307,778.2618,
1059.0477,778.2618,
1056.7885,778.2618,
1054.5291,778.2618,
1052.27,778.2618,
1050.0106,778.2618,
1047.7514,778.2618,
1045.4921,778.2618,
1043.2329,778.2618,
1040.9735,778.2618,
1038.7144,778.2618,
1036.455,778.2618,
1034.1958,778.2618,
1031.9365,778.2618,
1029.6773,778.2618,
1027.4179,778.2618,
1025.1588,778.2618,
1022.8994,778.2618,
1020.6402,778.2618,
1018.3808,778.2618,
1016.1217,778.2618,
1013.8623,778.2618,
1011.6032,778.2618,
1009.3438,778.2618,
1007.0846,778.2618,
1004.8252,778.2618,
1002.5661,778.2618,
1000.3067,778.2618,
998.0475,778.2618,
995.7882,778.2618,
993.529,778.2618,
991.2696,778.2618,
989.0105,778.2618,
986.7511,778.2618,
984.4919,778.2618,
982.2326,778.2618,
979.9734,778.2618,
977.714,778.2618,
975.4549,778.2618,
973.1955,778.2618,
970.9363,778.2618,
968.677,778.2618,
966.4178,778.2618,
964.1584,778.2618,
961.8993,778.2618,
959.6399,778.2618,
957.3807,778.2618,
955.1214,778.2618,
952.8622,778.2618,
950.6028,778.2618,
948.3437,778.2618,
946.0843,778.2618,
943.8251,778.2618,
941.5657,778.2618,
939.3066,778.2618,
937.0472,778.2618,
934.7881,778.2618,
932.5287,778.2618,
930.2695,778.2618,
928.0101,778.2618,
925.751,778.2618,
923.4916,778.2618,
921.2325,778.2618,
918.9731,778.2618,
916.7139,778.2618,
914.4545,778.2618,
912.1954,778.2618,
909.936,778.2618,
907.6768,778.2618,
905.4175,778.2618,
903.1583,778.2618,
900.8989,778.2618,
898.6398,778.2618,
896.3804,778.2618,
894.1212,778.2618,
891.8619,778.2618,
889.6027,778.2618,
887.3433,778.2618,
885.0842,778.2618,
882.8248,778.2618,
880.5656,778.2618,
878.3063,778.2618,
876.0471,778.2618,
873.7877,778.2618,
871.5286,778.2618,
869.2692,778.2618,
867.01,778.2618,
864.7506,778.2618,
862.4915,778.2618,
860.2321,778.2618,
857.973,778.2618,
855.7136,778.2618,
853.4544,778.2618,
851.195,778.2618,
848.9359,778.2618,
846.6765,778.2618,
844.4174,778.2618,
842.158,778.2618,
839.8988,778.2618,
837.6394,778.2618,
835.3803,778.2618,turn
835.3803,778.2618,
835.3803,780.2988,
835.3803,782.3356,
835.3803,784.3725,
835.3803,786.4095,
835.3803,788.4463,
835.3803,790.4833,
835.3803,792.5202,
835.3803,794.557,
835.3803,796.594,
835.3803,798.6308,
835.3803,800.6677,
835.3803,802.7047,
835.3803,804.7415,
835.3803,806.7785,
835.3803,808.8155,
835.3803,810.8522,
835.3803,812.8892,
835.3803,814.9262,
835.3803,816.963,
835.3803,818.9999,
835.3803,821.0369,
835.3803,823.0737,
835.3803,825.1107,
835.3803,827.1474,
835.3803,829.1844,
835.3803,831.2214,
835.3803,833.2582,
835.3803,835.2951,
835.3803,837.3321,
835.3803,839.3689,
835.3803,841.4059,
835.3803,843.4428,
835.3803,845.4796,
835.3803,847.5166,
835.3803,849.5536,
835.3803,851.5904,
835.3803,853.6273,
835.3803,855.6641,
835.3803,857.7011,
835.3803,859.7381,
835.3803,861.7748,
835.3803,863.8118,
835.3803,865.8488,
835.3803,867.8856,
835.3803,869.9225,
835.3803,871.9595,
835.3803,873.9963,
835.3803,876.0333,
835.3803,878.0702,
835.3803,880.107,
835.3803,882.144,
835.3803,884.1808,
835.3803,886.2178,
835.3803,888.2547,
835.3803,890.2915,
835.3803,892.3285,
835.3803,894.3655,
835.3803,896.4022,
835.3803,898.4392,
835.3803,900.4762,
835.3803,902.513,
835.3803,904.5499,
835.3803,906.5869,
835.3803,908.6237,
835.3803,910.6607,
835.3803,912.6974,
835.3803,914.7344,
835.3803,916.7714,
835.3803,918.8082,
835.3803,920.8452,
835.3803,922.8821,
835.3803,924.9189,
835.3803,926.9559,
835.3803,928.9929,
835.3803,931.0296,
835.3803,933.0666,
835.3803,935.1036,
835.3803,937.1404,
835.3803,939.1773,
835.3803,941.2141,
835.3803,943.2511,
835.3803,945.2881,
835.3803,947.3248,
835.3803,949.3618,
835.3803,951.3988,
835.3803,953.4356,
835.3803,955.4725,
835.3803,957.5095,
835.3803,959.5463,
835.3803,961.5833,
835.3803,963.6203,
835.3803,965.657,
835.3803,967.694,
835.3803,969.7308,
835.3803,971.7678,
835.3803,973.8047,
835.3803,975.8415,
835.3803,977.8785,
835.3803,979.9155,
835.3803,981.9522,
835.3803,983.9892,
835.3803,986.0262,
835.3803,988.063,
835.3803,990.0999,
835.3803,992.1369,
835.3803,994.1737,
835.3803,996.2107,
835.3803,998.2475,
835.3803,1000.2844,
835.3803,1002.3214,
835.3803,1004.3582,
835.3803,1006.3952,
835.3803,1008.4321,
835.3803,1010.4689,
835.3803,1012.5059,
835.3803,1014.5429,
835.3803,1016.5796,
835.3803,1018.6166,
835.3803,1020.6536,
835.3803,1022.6904,
835.3803,1024.7273,
835.3803,1026.7641,
835.3803,1028.8011,
835.3803,1030.8381,
835.3803,1032.8748,
835.3803,1034.9118,
835.3803,1036.9488,
835.3803,1038.9856,
835.3803,1041.0226,turn
